"","date","daily.returns","beta"
"1",2016-01-04,0.0040692944662879,1.19140937310031
"2",2016-01-05,0.011092193029014,1.1890550225626
"3",2016-01-06,-0.0432491113713797,1.20576540391472
"4",2016-01-07,-0.0284452889799089,1.20381715495604
"5",2016-01-08,-0.0174760860605377,1.22406432245058
"6",2016-01-11,-0.0501274253085465,1.22200897313643
"7",2016-01-12,-0.0211572454820026,1.21132380615653
"8",2016-01-13,-0.0310556914799052,1.20825474865277
"9",2016-01-14,0.0576920687708695,1.23360182632507
"10",2016-01-15,-0.0458180046907256,1.25418931498655
"11",2016-01-19,-0.0752034824181818,1.25100605626348
"12",2016-01-20,-0.0453297143633775,1.25655312772865
"13",2016-01-21,0.0621584248090512,1.27240850231036
"14",2016-01-22,0.0205905673775193,1.27154121069848
"15",2016-01-25,-0.0921157203278351,1.31271522753722
"16",2016-01-26,0.0336257636144721,1.32683400090907
"17",2016-01-27,0.024328180873429,1.30902609096148
"18",2016-01-28,0.0499858091550005,1.31804786559052
"19",2016-01-29,0.0278805262783639,1.31249300037692
"20",2016-02-01,-0.0122826739107349,1.31248267534812
"21",2016-02-02,-0.0520727221259699,1.33135572739284
"22",2016-02-03,0.0557533039343217,1.34178072855579
"23",2016-02-04,-0.0856848795518315,1.33450648502925
"24",2016-02-05,-0.0685165302876254,1.36761689457235
"25",2016-02-08,0.0465047117501445,1.32825461821993
"26",2016-02-09,-0.0246876494617084,1.32972738953536
"27",2016-02-10,-0.0369269178480115,1.32929578641334
"28",2016-02-11,-0.0065441513804837,1.32214308825416
"29",2016-02-12,0.0319950361869419,1.33072254705616
"30",2016-02-16,-0.00425523833782315,1.3196912365979
"31",2016-02-17,0.0351038195359974,1.33919812756809
"32",2016-02-18,-0.00619291638312858,1.33985060344207
"33",2016-02-19,-0.0246290834931731,1.34925930435769
"34",2016-02-22,0.0480680846144586,1.36922192820492
"35",2016-02-23,-0.0444121813857208,1.38330051719653
"36",2016-02-24,0.00121508406001203,1.3872416985037
"37",2016-02-25,0.00303395308781562,1.37884123811156
"38",2016-02-26,0.0320627386356442,1.37740004074633
"39",2016-02-29,-0.00849916151327201,1.37585964353612
"40",2016-03-01,0.0186222722070761,1.36974858226616
"41",2016-03-02,0.0589088493678445,1.37902015163185
"42",2016-03-03,0.0567280820042921,1.38673513419355
"43",2016-03-04,0.0663896580922307,1.39543107746415
"44",2016-03-07,0.00680986119573213,1.39597363525985
"45",2016-03-08,-0.06714988678517,1.41634171023045
"46",2016-03-09,0.0111339543147086,1.41733212364799
"47",2016-03-10,-0.000511992797840977,1.41603212545419
"48",2016-03-11,0.0381759756240856,1.4309831580777
"49",2016-03-14,-0.0125864954529478,1.43154102036359
"50",2016-03-15,-0.00449885153676732,1.43342510117602
"51",2016-03-16,0.0512175202059904,1.44365209807318
"52",2016-03-17,0.0272272408871812,1.4489624876283
"53",2016-03-18,0.000232480344677821,1.44862561186976
"54",2016-03-21,-0.0102278374427125,1.44861570426263
"55",2016-03-22,-0.0155005360817184,1.44925736914913
"56",2016-03-23,-0.0493794600572517,1.4631044101923
"57",2016-03-24,0.00476783036834449,1.46309865822373
"58",2016-03-28,-0.00899084646986759,1.46325895038893
"59",2016-03-29,-0.00151214723942183,1.45888004822431
"60",2016-03-30,0.0116104904921994,1.46111340651254
"61",2016-03-31,0.00474035295536734,1.46120707697044
"62",2016-04-01,-0.0121680666258892,1.45723126585835
"63",2016-04-04,-0.0170939394939055,1.45907022939862
"64",2016-04-05,-0.00153419217879192,1.45912825949292
"65",2016-04-06,0.043800675250073,1.47155071912891
"66",2016-04-07,-0.0107973591167524,1.46864545459278
"67",2016-04-08,0.0228229545518124,1.47063009080152
"68",2016-04-11,-0.000969843260124392,1.47209555892651
"69",2016-04-12,0.0553530017244737,1.48763656679143
"70",2016-04-13,0.00253057025470871,1.48329318408276
"71",2016-04-14,0.0146856835277811,1.49433539048806
"72",2016-04-15,-0.0117590780124802,1.49434552578217
"73",2016-04-18,0.029747790506456,1.508206770542
"74",2016-04-19,0.0457778117170513,1.51327777001891
"75",2016-04-20,0.000425217523897459,1.51053142390539
"76",2016-04-21,-0.0180546778220632,1.51213083280929
"77",2016-04-22,0.0300672102195927,1.51489922372386
"78",2016-04-25,-0.0283494201109762,1.51663195386863
"79",2016-04-26,0.0391182709191706,1.52419530604012
"80",2016-04-27,0.000623872252295543,1.53282596191456
"81",2016-04-28,-0.00914562031420474,1.53010840684299
"82",2016-04-29,0.00251707401115064,1.52746971706996
"83",2016-05-02,-0.0196689155908967,1.52407488098864
"84",2016-05-03,-0.0377804746103663,1.5330470075724
"85",2016-05-04,-0.0370451089276302,1.53984801437006
"86",2016-05-05,-0.00460737832219982,1.54081040375255
"87",2016-05-06,-0.0104143499918551,1.53821181245917
"88",2016-05-09,-0.0259585047410233,1.53517864799538
"89",2016-05-10,0.0292915673978438,1.53237857679002
"90",2016-05-11,0.0188945978550576,1.51508716259512
"91",2016-05-12,0.0011443322519149,1.50866899075347
"92",2016-05-13,-0.0162359317206532,1.50914317003022
"93",2016-05-16,0.0246398343764129,1.51318998291056
"94",2016-05-17,-0.00680606090767977,1.50776195695212
"95",2016-05-18,-0.00436450640731079,1.50682147706551
"96",2016-05-19,0.000461423045831078,1.506518488249
"97",2016-05-20,0.0050735256032397,1.50803945404273
"98",2016-05-23,0.000229427793464021,1.51861224086577
"99",2016-05-24,-0.00298230102631281,1.50308145334368
"100",2016-05-25,0.0331341647563974,1.50494124375863
"101",2016-05-26,-0.00378625170519298,1.51204457361549
"102",2016-05-27,-0.0089426139163209,1.5087671575722
"103",2016-05-31,-0.0121814993733858,1.50781844797087
"104",2016-06-01,0.00616600412387136,1.50988270280389
"105",2016-06-02,0.00726259699128007,1.51267390283238
"106",2016-06-03,-0.00450641450255684,1.51300307547081
"107",2016-06-06,0.0303305594719685,1.50922126650979
"108",2016-06-07,0.044375968007373,1.52616961219619
"109",2016-06-08,-0.00105180281903261,1.54471150161025
"110",2016-06-09,-0.0193724889163468,1.55842355713568
"111",2016-06-10,-0.0442344568260755,1.574329452653
"112",2016-06-13,-0.0141541002763007,1.63597369157976
"113",2016-06-14,0.010027621516542,1.61413912744392
"114",2016-06-15,-0.013763476517054,1.6149169251474
"115",2016-06-16,-0.0125831341684877,1.6403166657726
"116",2016-06-17,0.0229380682404179,1.66738896193155
"117",2016-06-20,0.0122307682932563,1.68818517250382
"118",2016-06-21,0.00246161656317168,1.68805113166272
"119",2016-06-22,-0.0180804857038303,1.69489992023457
"120",2016-06-23,0.0372812132629925,1.72680829995441
"121",2016-06-24,-0.0539121332723403,1.71938649035661
"122",2016-06-27,-0.0553627624152218,1.7408774805425
"123",2016-06-28,0.0286909200030423,1.74573598797725
"124",2016-06-29,0.0467224000821358,1.75925397960414
"125",2016-06-30,-0.00705999252804257,1.74608758194447
"126",2016-07-01,-0.00206430009021674,1.73236048319363
"127",2016-07-05,-0.0415996359341855,1.74541718739442
"128",2016-07-06,0.00479625683181384,1.73924699022024
"129",2016-07-07,-0.00930779518683778,1.73947903300747
"130",2016-07-08,0.0190315518587296,1.74730889387914
"131",2016-07-11,0.00354623626297523,1.74566174670597
"132",2016-07-12,0.0318019841354575,1.75328631002052
"133",2016-07-13,-0.021232932236694,1.75321497307673
"134",2016-07-14,0.00349897790929798,1.77637544035103
"135",2016-07-15,-0.00185950206926278,1.77591934808211
"136",2016-07-18,-0.00535650866693838,1.77797205542706
"137",2016-07-19,-0.0187308550812617,1.77949674471119
"138",2016-07-20,0.00286349926156038,1.75020928096882
"139",2016-07-21,-0.0177121404032552,1.74813182683228
"140",2016-07-22,-0.00682254876166821,1.75610576864403
"141",2016-07-25,-0.0127577759232524,1.76129553484101
"142",2016-07-26,0.0136678687136809,1.75910799653418
"143",2016-07-27,-0.0176510243828233,1.76037345915216
"144",2016-07-28,0.00474150390555894,1.76134409194199
"145",2016-07-29,0.0139096875013098,1.7660260291613
"146",2016-08-01,-0.0296423752918307,1.77355987523963
"147",2016-08-02,0.00454451736779871,1.77908798647391
"148",2016-08-03,0.0130685233436052,1.78201873554901
"149",2016-08-04,-0.00520953372691291,1.78192259550671
"150",2016-08-05,0.0124688363531924,1.78147347908507
"151",2016-08-08,0.0236452409812167,1.77993405636883
"152",2016-08-09,-0.00769960320605745,1.77783371574556
"153",2016-08-10,-0.0155189446942817,1.79015753443011
"154",2016-08-11,0.0194579816103124,1.79006010290348
"155",2016-08-12,-0.000483144558366067,1.78698499167172
"156",2016-08-15,0.0195794210999285,1.78134866095823
"157",2016-08-16,0.0161213723877938,1.77278041009368
"158",2016-08-17,0.0079325575671747,1.77462165814636
"159",2016-08-18,0.00902791317384666,1.76875475317873
"160",2016-08-19,-0.00619392008267905,1.76482445252957
"161",2016-08-22,-0.0159281997737688,1.76558547751839
"162",2016-08-23,0.0138400734692259,1.76691393031282
"163",2016-08-24,-0.00601565473005283,1.76526332388455
"164",2016-08-25,-0.004190030782253,1.76430769585829
"165",2016-08-26,-0.0112201610556827,1.76517002703534
"166",2016-08-29,0.00118201237661397,1.76011495361047
"167",2016-08-30,-0.00283353470132752,1.75843820980706
"168",2016-08-31,-0.0279421125903812,1.77457630689185
"169",2016-09-01,-0.0109621599071005,1.75393298527204
"170",2016-09-02,0.00788146427902392,1.75392131301003
"171",2016-09-06,0.0019551685149819,1.76911918199377
"172",2016-09-07,0.0117070559078312,1.7676153293537
"173",2016-09-08,0.0433946538269965,1.76401238783717
"174",2016-09-09,-0.023798582068581,1.73535248377773
"175",2016-09-12,0.00994100819580268,1.72095584448962
"176",2016-09-13,-0.0389033860313661,1.73115188655515
"177",2016-09-14,-0.0248718286378101,1.73251536277927
"178",2016-09-15,0.00100000284156954,1.7293507403011
"179",2016-09-16,-0.00399676086483347,1.73255918877105
"180",2016-09-19,-0.0147981501844445,1.72154760616563
"181",2016-09-20,-0.00687363579259437,1.72845853132883
"182",2016-09-21,0.0269163776932289,1.78527920373162
"183",2016-09-22,0.0239638847073658,1.77757998497428
"184",2016-09-23,-0.0263285470582448,1.78235414664716
"185",2016-09-26,0.00200291151268894,1.78143734464928
"186",2016-09-27,-0.0147427988593715,1.77081788523542
"187",2016-09-28,0.0697440289967262,1.80500499882589
"188",2016-09-29,0.0350876992469549,1.7685772100176
"189",2016-09-30,-0.00435191681251923,1.75871441499645
"190",2016-10-03,-0.00092034355866577,1.79984645098744
"191",2016-10-04,-0.0128942212770653,1.78739106681502
"192",2016-10-05,0.0242593676215384,1.7959220304449
"193",2016-10-06,0.0138923328779166,1.81081122276641
"194",2016-10-07,-0.00673860576783014,1.80531134717295
"195",2016-10-10,0.00384437249201119,1.77515000726056
"196",2016-10-11,-0.0238792459324854,1.77553718933036
"197",2016-10-12,0.00323093444832501,1.77188498020333
"198",2016-10-13,-0.0247568324518183,1.77997309965846
"199",2016-10-14,-0.0113880535958287,1.7746324591566
"200",2016-10-17,-0.0136791466506871,1.78811961254136
"201",2016-10-18,-0.0109486680771713,1.81263775197334
"202",2016-10-19,0.0263222192291892,1.81453060705835
"203",2016-10-20,-0.00551303696936867,1.79810050407549
"204",2016-10-21,0.00120508956424126,1.8226730889051
"205",2016-10-24,0.016851194254357,1.82761817751711
"206",2016-10-25,-0.0101797225639115,1.82935905212285
"207",2016-10-26,-0.000239271468329583,1.84645808487494
"208",2016-10-27,0.0526314898568545,1.85955287297225
"209",2016-10-28,0.0220454038860955,1.82014793134915
"210",2016-10-31,-0.0337999836417391,1.81111202496288
"211",2016-11-01,0.00207129552534124,1.80244564241064
"212",2016-11-02,-0.00712012596726563,1.77677290956237
"213",2016-11-03,0.00855886590261812,1.75202212360988
"214",2016-11-04,-0.0192658233149325,1.77873821891471
"215",2016-11-07,0.0271278752866897,1.67538614701778
"216",2016-11-08,0.00933535316265255,1.66600122582329
"217",2016-11-09,0.0315812288070974,1.71473519222218
"218",2016-11-10,-0.0207741359894439,1.69697288365733
"219",2016-11-11,-0.018758275316179,1.72822227310579
"220",2016-11-14,0.0043241978886015,1.72698178633319
"221",2016-11-15,0.0260592914890108,1.70156661060928
"222",2016-11-16,-0.019876570233775,1.68760436363162
"223",2016-11-17,-0.0173499009056121,1.68530621288581
"224",2016-11-18,0.0263699423266193,1.61296696570427
"225",2016-11-21,0.0357464212491234,1.71900355121116
"226",2016-11-22,-0.00625554286466001,1.71448387774648
"227",2016-11-23,0.00499228951444564,1.71084109466922
"228",2016-11-25,-0.0118790738719162,1.72244827799857
"229",2016-11-28,-0.00546446492605412,1.72433005723437
"230",2016-11-29,-0.0279119799171214,1.77279725477478
"231",2016-11-30,0.0969929001259755,1.73128014041485
"232",2016-12-01,-0.00618279671688737,1.73220017452155
"233",2016-12-02,-0.00207395895099161,1.73050367959008
"234",2016-12-05,0.0157937881496371,1.70264471368211
"235",2016-12-06,0.0208674137242448,1.67408602525441
"236",2016-12-07,0,1.64800157084552
"237",2016-12-08,-0.00240456826804647,1.66504258990835
"238",2016-12-09,0.0198872465853652,1.67867220246026
"239",2016-12-12,0.0120151424291699,1.67982808822307
"240",2016-12-13,0.0245230500691784,1.74358658298876
"241",2016-12-14,-0.0218462909620801,1.73342577055105
"242",2016-12-15,0.00485505214041249,1.71742714169471
"243",2016-12-16,0.00386557115939601,1.69878532409152
"244",2016-12-19,0.00077018115549321,1.69822615450651
"245",2016-12-20,-0.00827240053849465,1.63107411388609
"246",2016-12-21,-0.0013580414644081,1.62930752125676
"247",2016-12-22,0.00116529547631217,1.62825438288968
"248",2016-12-23,-0.00329824827889635,1.6088130281111
"249",2016-12-27,0.00447748670340009,1.60656573948918
"250",2016-12-28,-0.0160854385002062,1.60921532884688
"251",2016-12-29,-0.00453022185180063,1.58645113026166
"252",2016-12-30,-0.00791461699283658,1.57595473194494
"253",2017-01-03,0.00937389852492987,1.57518027036776
"254",2017-01-04,0.00928668674096755,1.57575096391007
"255",2017-01-05,-0.00293661039153903,1.57381475699156
"256",2017-01-06,-0.0037305126125069,1.54019944776471
"257",2017-01-09,-0.0212850482566098,1.54811295776995
"258",2017-01-10,0,1.54812565471187
"259",2017-01-11,0.0314137222952051,1.5692472314586
"260",2017-01-12,-0.0208902425789075,1.57288352681688
"261",2017-01-13,0.00877356307693655,1.57571920244376
"262",2017-01-17,-0.0086972571427979,1.59230524542944
"263",2017-01-18,0.00239276303644886,1.58691467580481
"264",2017-01-19,-0.00815612970587243,1.60493137015363
"265",2017-01-20,0.0174492811315492,1.57880497235056
"266",2017-01-23,-0.015572990729952,1.59407160201238
"267",2017-01-24,0.00660804332160159,1.58647750797654
"268",2017-01-25,0.00835488417483998,1.58355312349029
"269",2017-01-26,-0.00118347895172755,1.54192150003043
"270",2017-01-27,-0.0237015241638503,1.56015742346146
"271",2017-01-30,-0.0394497797222473,1.58340647218432
"272",2017-01-31,0.0269587919327712,1.57717826909132
"273",2017-02-01,-0.00533249156998128,1.56354446247165
"274",2017-02-02,0.00391772912375132,1.55091701419607
"275",2017-02-03,0.0357362400577093,1.57040209765313
"276",2017-02-06,-0.00674205075130707,1.56492801287675
"277",2017-02-07,-0.0133757274798449,1.56684994861126
"278",2017-02-08,0.00364216089076352,1.56013602946116
"279",2017-02-09,0.00423413577866238,1.55159501332474
"280",2017-02-10,0.0120088184419196,1.55420608947079
"281",2017-02-13,-0.00877528862711885,1.55145531207498
"282",2017-02-14,0.00885297604714141,1.55985366227158
"283",2017-02-15,-0.0155562552197006,1.57464900138529
"284",2017-02-16,-0.0206646817961471,1.55173934190479
"285",2017-02-17,-0.0171699674801081,1.52767267899185
"286",2017-02-21,0.0130499157215591,1.52982240938136
"287",2017-02-22,-0.0214004283802683,1.53839183745027
"288",2017-02-23,0.00424639825085782,1.53838721664302
"289",2017-02-24,-0.0054967617890459,1.52295008063973
"290",2017-02-27,0.0068026656022393,1.56562029768721
"291",2017-02-28,0.00443384077088527,1.56225128019828
"292",2017-03-01,0.0311122584305548,1.57506347651921
"293",2017-03-02,-0.0171251782392564,1.57064927991582
"294",2017-03-03,-0.00808969659570213,1.58146224972737
"295",2017-03-06,0.0104557153581615,1.573147940375
"296",2017-03-07,-0.012417292617778,1.58021250496223
"297",2017-03-08,-0.0379295456184104,1.59542889884074
"298",2017-03-09,0.0124156800539532,1.59697187894802
"299",2017-03-10,-0.0174268360556116,1.62958450497199
"300",2017-03-13,0.0037224044970301,1.61152257741097
"301",2017-03-14,-0.019633399821937,1.61810621925488
"302",2017-03-15,0.0200265898678831,1.63202192578092
"303",2017-03-16,0,1.62900616359989
"304",2017-03-17,-0.00327254284476053,1.62884864322441
"305",2017-03-20,0.00372085052185822,1.62544571521639
"306",2017-03-21,-0.0148275601484961,1.61634289601656
"307",2017-03-22,-0.0117309798075613,1.60168679061211
"308",2017-03-23,-0.00380723726429899,1.59801137928772
"309",2017-03-24,-0.00854337504734048,1.6009401697263
"310",2017-03-27,0.00430865106832479,1.59526401574084
"311",2017-03-28,0.0246103592589089,1.57164878165158
"312",2017-03-29,0.0125605837118394,1.57136489857289
"313",2017-03-30,0.0881392369361307,1.5993580897489
"314",2017-03-31,-0.00259980970357387,1.59555293976504
"315",2017-04-03,-0.00842213687726245,1.60262961216367
"316",2017-04-04,0.00566250139167712,1.61653439211739
"317",2017-04-05,-0.0124674203877115,1.61795535993327
"318",2017-04-06,0.0142539468162599,1.62027029255627
"319",2017-04-07,-0.0054208661024695,1.61660563962012
"320",2017-04-10,0.0123133219091276,1.5907183119413
"321",2017-04-11,0,1.609074148673
"322",2017-04-12,-0.0141575402405304,1.53406159299001
"323",2017-04-13,-0.0165858068003107,1.53773312285468
"324",2017-04-17,0.00678724479774417,1.46906217690599
"325",2017-04-18,-0.00531138596799541,1.53314439888339
"326",2017-04-19,-0.014171273474671,1.53914915647475
"327",2017-04-20,-0.00104171221551286,1.48115086821091
"328",2017-04-21,-0.00437954542043406,1.48388378400774
"329",2017-04-24,0.00356097783094467,1.45870868209683
"330",2017-04-25,0.0183679032977044,1.47720589169895
"331",2017-04-26,-0.0092234640588873,1.47973125378367
"332",2017-04-27,-0.00992964492768,1.45388048764784
"333",2017-04-28,0.00104483071356398,1.45055434715185
"334",2017-05-01,-0.00897521308984583,1.45163201188925
"335",2017-05-02,-0.0164278665369548,1.44920283664018
"336",2017-05-03,0.00813707467791236,1.44895350368957
"337",2017-05-04,-0.0246392935958494,1.44252614085726
"338",2017-05-05,0.0185107737853627,1.4533175265088
"339",2017-05-08,0.00769734053987614,1.44286843395564
"340",2017-05-09,-0.0182475995920497,1.45810708980015
"341",2017-05-10,0.0289605609340147,1.45556430315763
"342",2017-05-11,0.00158384424980773,1.45379006759384
"343",2017-05-12,-0.00948941861218844,1.45143612618248
"344",2017-05-15,0.0100064598351417,1.45321114530017
"345",2017-05-16,-0.00653465501083816,1.45216695427098
"346",2017-05-17,-0.0152770126626423,1.40801193000999
"347",2017-05-18,0.000215818097134335,1.42077204301095
"348",2017-05-19,0.0228347218777205,1.4311826498699
"349",2017-05-22,-0.0115839737768862,1.41505378846522
"350",2017-05-23,-0.00362226583176606,1.41350937433153
"351",2017-05-24,-0.00192470987282412,1.41766592314005
"352",2017-05-25,-0.0347119502584895,1.38883656253498
"353",2017-05-26,0.00665937683160989,1.38160789574564
"354",2017-05-30,-0.0123483405624565,1.37521357010175
"355",2017-05-31,-0.00223288751947259,1.37563549948338
"356",2017-06-01,0.00380443137345443,1.3611523385209
"357",2017-06-02,-0.0133750582973357,1.37656739115055
"358",2017-06-05,-0.00542239211644568,1.37630593993039
"359",2017-06-06,0.0104495051492963,1.36575639888027
"360",2017-06-07,-0.0206831635539855,1.36034861273826
"361",2017-06-08,-0.0112490723945338,1.35799592411995
"362",2017-06-09,0.0406318591156098,1.34477960065674
"363",2017-06-12,0.0200801882754398,1.34016001474289
"364",2017-06-13,0.0155292491470871,1.34614338991428
"365",2017-06-14,-0.021753247558402,1.34842884514521
"366",2017-06-15,-0.00066052263228833,1.35190047154341
"367",2017-06-16,0.0251154054876699,1.35059259754359
"368",2017-06-19,-0.00365350225027505,1.31701505591718
"369",2017-06-20,-0.011647681680145,1.31948383598383
"370",2017-06-21,-0.0189874658887145,1.32175922706862
"371",2017-06-22,-0.00311451860396239,1.32304814912293
"372",2017-06-23,0.000446090982911151,1.32424888532251
"373",2017-06-26,-0.013383535724723,1.34777204757608
"374",2017-06-27,-0.00587839300342397,1.38608551433429
"375",2017-06-28,-0.000227588916345334,1.39447873009141
"376",2017-06-29,0.00272991687531388,1.30836684359998
"377",2017-06-30,-0.00272248471833858,1.30135461386385
"378",2017-07-03,0.0386717552735614,1.33810747400175
"379",2017-07-05,-0.0328516675939264,1.33311823931007
"380",2017-07-06,-0.0192482789099757,1.34499927655667
"381",2017-07-07,-0.00715769015380507,1.32583961949029
"382",2017-07-10,0.0055814915406196,1.29888109626609
"383",2017-07-11,0.00254373312350253,1.27810465997508
"384",2017-07-12,-0.00253727896296085,1.23615916083415
"385",2017-07-13,0.000231326784287056,1.26105684336561
"386",2017-07-14,0.00462416068495086,1.28851957023962
"387",2017-07-17,-0.00598402489923,1.22546091836973
"388",2017-07-18,-0.00277829919893502,1.32990367753541
"389",2017-07-19,0.0136985874123738,1.36080290373412
"390",2017-07-20,-0.0038021385271072,1.3650491876511
"391",2017-07-21,-0.013416644768217,1.36105003539039
"392",2017-07-24,-0.000937885228228685,1.34489185971975
"393",2017-07-25,0.0244074074542187,1.35630403004758
"394",2017-07-26,0.00114554986380622,1.35474813398327
"395",2017-07-27,0.0219678139336366,1.34714439332173
"396",2017-07-28,0.0134347107610759,1.31901509285013
"397",2017-07-31,0.00243060032325215,1.31745963723765
"398",2017-08-01,-0.0136654705317093,1.29234852822641
"399",2017-08-02,0.0192178642983634,1.28965572757573
"400",2017-08-03,-0.015347526655374,1.28967149425121
"401",2017-08-04,0.0144736091633864,1.31719426863043
"402",2017-08-07,-0.00856038573820661,1.30668606043042
"403",2017-08-08,0.0101838076534297,1.29467832655087
"404",2017-08-09,0.000438415344173215,1.29468131755817
"405",2017-08-10,-0.0148959273922865,1.27042323688621
"406",2017-08-11,-0.00400277378613423,1.26446491138082
"407",2017-08-14,-0.00558131493323943,1.22795112349398
"408",2017-08-15,-0.000898464878781979,1.27535822602097
"409",2017-08-16,-0.0182020871591468,1.29571343145281
"410",2017-08-17,-0.0157932258696835,1.27259569265879
"411",2017-08-18,0.00255813921327808,1.28793601767918
"412",2017-08-21,-0.0141497457106864,1.28974897393087
"413",2017-08-22,0.0162350407817045,1.31504639206773
"414",2017-08-23,0.0115770422139434,1.29089404562246
"415",2017-08-24,-0.00892650208796253,1.29896508730509
"416",2017-08-25,0.00646638361004404,1.29634767762541
"417",2017-08-28,-0.012161504892067,1.25080719811792
"418",2017-08-29,-0.00464577639277242,1.25785155898473
"419",2017-08-30,0.0130687685900657,1.25753037453828
"420",2017-08-31,0.00575913269566519,1.25753891695933
"421",2017-09-01,0.0132845079578301,1.23224638054478
"422",2017-09-05,0.00339043685598561,1.19666505289829
"423",2017-09-06,0.015093720420555,1.22601196637478
"424",2017-09-07,0.0011096040999401,1.24733677659939
"425",2017-09-08,-0.0141875037028301,1.20780234151399
"426",2017-09-11,0.0103440076103849,1.20577521048699
"427",2017-09-12,0,1.20335468014662
"428",2017-09-13,0.0140219191249471,1.21638249698674
"429",2017-09-14,0.0059260742316285,1.21520133444464
"430",2017-09-15,0.0148374486204206,1.22389155990631
"431",2017-09-18,0.0124703746552224,1.30659875904628
"432",2017-09-19,0.00976848792271001,1.3067515552296
"433",2017-09-20,0.0164038352113021,1.30642476521912
"434",2017-09-21,0.00744880107110135,1.28437319300106
"435",2017-09-22,0.00800999729955287,1.27277146587647
"436",2017-09-25,0.0183371595614268,1.30881266756587
"437",2017-09-26,-0.00620249489811353,1.31143752772015
"438",2017-09-27,0.0110733077072336,1.29970325610062
"439",2017-09-28,-0.00438047787336004,1.30479411886653
"440",2017-09-29,0.000999638408608394,1.2765410452225
"441",2017-10-02,0.00519475343151954,1.25295566965392
"442",2017-10-03,-0.0212680339353849,1.2427681679633
"443",2017-10-04,0.00142152321866051,1.24705491914355
"444",2017-10-05,0.0079092155491105,1.24955627279397
"445",2017-10-06,-0.0169013210121788,1.26550761121995
"446",2017-10-09,0.00102314588564045,1.26497271980708
"447",2017-10-10,0.0057248480579204,1.2693713400902
"448",2017-10-11,0.00833501379345836,1.27217413125627
"449",2017-10-12,0.00423402464156375,1.26690206037088
"450",2017-10-13,-0.00292658412839719,1.25526834222881
"451",2017-10-16,0.00647755718506593,1.25586297375948
"452",2017-10-17,0,1.25384301093702
"453",2017-10-18,-0.00020120506209842,1.25511396540838
"454",2017-10-19,0,1.25120261685996
"455",2017-10-20,0.0108629494206209,1.25698804393824
"456",2017-10-23,0.000199260599261342,1.25565521484033
"457",2017-10-24,0.0145243406664108,1.240604578806
"458",2017-10-25,-0.0202000698409232,1.26070156620877
"459",2017-10-26,0.0300240270578433,1.24878681440295
"460",2017-10-27,-0.0048580928755193,1.20672107125059
"461",2017-10-30,0.00351494182069456,1.19643890557587
"462",2017-10-31,-0.00467004340647748,1.19144932471145
"463",2017-11-01,0.0185724802172762,1.19558495045864
"464",2017-11-02,0.0072938458278915,1.1906312883836
"465",2017-11-03,0.00914635041045919,1.1843865581062
"466",2017-11-06,0.0134063679425891,1.17535037223439
"467",2017-11-07,-0.00354016653192901,1.17749986297656
"468",2017-11-08,0.00074779779964862,1.17911504789413
"469",2017-11-09,0.000186940080313835,1.17324308792304
"470",2017-11-10,-0.0100879156747385,1.1677966181125
"471",2017-11-13,-0.0079257378578953,1.1069762145397
"472",2017-11-14,-0.0254899293835436,1.13759082188911
"473",2017-11-15,-0.0144446096663345,1.15051003973436
"474",2017-11-16,-0.00534756521464663,1.12078008509985
"475",2017-11-17,-0.00179208291488508,1.06833124503125
"476",2017-11-20,-0.000997418706301323,1.06495837195494
"477",2017-11-21,-0.00139797646511208,1.05074116637203
"478",2017-11-22,0.00419935430288709,1.04866583632536
"479",2017-11-24,0.00497795624458108,1.05192888415218
"480",2017-11-27,-0.0259560064194805,1.05162791456284
"481",2017-11-28,0.0197316562850016,1.0934730839072
"482",2017-11-29,0.0119688463770602,1.08561489350447
"483",2017-11-30,0.00295682184780421,1.09851833356923
"484",2017-12-01,0.0169022892771957,1.07727304658615
"485",2017-12-04,-0.00869707276560228,1.08603067113324
"486",2017-12-05,-0.00116992845219954,1.07297567647046
"487",2017-12-06,-0.0165916930587214,1.06707712292621
"488",2017-12-07,0.00317571090758917,1.06728311416913
"489",2017-12-08,0.0203799054213365,1.08811296357033
"490",2017-12-11,0.00232691481392644,1.08664493276893
"491",2017-12-12,0.00522342010821997,1.09368124697548
"492",2017-12-13,-0.00538874443090265,1.03572782247223
"493",2017-12-14,0.0121904035255902,0.994679482941634
"494",2017-12-15,-0.00267635511185382,0.967603233682362
"495",2017-12-18,0.00325867716142714,0.979587848634348
"496",2017-12-19,0.00649590816187628,0.960065463382503
"497",2017-12-20,0.0298026206284066,0.91903691864187
"498",2017-12-21,0.0313363519299921,0.929270665707546
"499",2017-12-22,-0.00804271373076959,0.946948442210759
"500",2017-12-26,0.0131530327642848,0.940884948855666
"501",2017-12-27,-0.0113817555381633,0.921406685519768
"502",2017-12-28,-0.00737568432658098,0.89266449148059
"503",2017-12-29,-0.00525528029344724,0.895135245230897
"504",2018-01-02,0.00783382562953272,0.893381322348229
"505",2018-01-03,0.018438193868751,0.915912410897689
"506",2018-01-04,0.0115370168903395,0.907450654452196
"507",2018-01-05,-0.00193021393831128,0.896051000391975
"508",2018-01-08,0.0101970138720779,0.896139676243224
"509",2018-01-09,0.00817952295053659,0.89302661206256
"510",2018-01-10,-0.00483353984242196,0.897822567067126
"511",2018-01-11,0.0265395585403763,0.900490601005208
"512",2018-01-12,0.0147008608836654,0.91269172176873
"513",2018-01-16,-0.0201497565025348,0.883787708528035
"514",2018-01-17,0.017335161941155,0.903484338459679
"515",2018-01-18,-0.00167062207684709,0.898870700611443
"516",2018-01-19,-0.00016719610856053,0.89504641642798
"517",2018-01-22,0.0153973899821409,0.899398271498111
"518",2018-01-23,-0.00329654356549047,0.894275684633105
"519",2018-01-24,0.000330908925614048,0.891683148006847
"520",2018-01-25,-0.0166971258618889,0.894058394348611
"521",2018-01-26,0.0152992274143735,0.907623478786759
"522",2018-01-29,-0.0120882072000936,0.906499557216687
"523",2018-01-30,-0.0201139258374278,0.91699880495886
"524",2018-01-31,0.00598701526047662,0.918992598590675
"525",2018-02-01,0.00918219693973699,0.912201432194944
"526",2018-02-02,-0.0274641170764053,0.947326451326269
"527",2018-02-05,-0.0308388851708962,0.90416325311729
"528",2018-02-06,0,0.860033587876303
"529",2018-02-07,-0.00554140902648192,0.871512309800203
"530",2018-02-08,-0.042962481313399,0.914786680315498
"531",2018-02-09,-0.0176564396329206,0.855639423682723
"532",2018-02-12,0.0267203521251216,0.880005066927353
"533",2018-02-13,-0.00168504787028612,0.879685328147007
"534",2018-02-14,0.0410728170832322,0.926361457001168
"535",2018-02-15,-0.0174741404673843,0.887731198626177
"536",2018-02-16,0.00201682984608587,0.889779008986825
"537",2018-02-20,0.00347667733188128,0.883057379287744
"538",2018-02-21,-0.0198762220845135,0.888410824895807
"539",2018-02-22,0.0215815407608186,0.889776857966975
"540",2018-02-23,0.0389726762938793,0.929355667386278
"541",2018-02-26,-0.0080628908208038,0.903554021583904
"542",2018-02-27,-0.0134300822858573,0.908083236594816
"543",2018-02-28,-0.0272253322543271,0.928802933899034
"544",2018-03-01,-0.00791765711812253,0.920147162475978
"545",2018-03-02,0.0033407184661558,0.918500074374962
"546",2018-03-05,-0.00129469315024933,0.907365301672058
"547",2018-03-06,0.00129637155362006,0.90819084619954
"548",2018-03-07,0.000184923897532885,0.897034954897194
"549",2018-03-08,-0.00924711314102467,0.89955860528906
"550",2018-03-09,0.027814122232398,0.9217052223064
"551",2018-03-12,-0.00581188328840165,0.923634551280382
"552",2018-03-13,-0.0142491602690716,0.946011620187341
"553",2018-03-14,0,0.942812159928462
"554",2018-03-15,0.00129711291473456,0.940214285144708
"555",2018-03-16,0.0166575488789846,0.941529315028353
"556",2018-03-19,-0.0247587955100386,0.963040053083909
"557",2018-03-20,0.0210938556944404,0.970693472252367
"558",2018-03-21,0.0427788640032456,0.958634348034651
"559",2018-03-22,-0.00946700774976017,0.927834703534452
"560",2018-03-23,0.0219469049151018,0.849103963352474
"561",2018-03-26,0.0232074038439967,0.846119560125688
"562",2018-03-27,0.00101554773883228,0.828608723207244
"563",2018-03-28,-0.00693258281828524,0.832539540080209
"564",2018-03-29,0.00953519582363382,0.825385269643272
"565",2018-04-02,-0.0202395180096264,0.828307098194798
"566",2018-04-03,0.0333964130838023,0.849741152889829
"567",2018-04-04,-0.00782940586520242,0.833309375177634
"568",2018-04-05,0.0151106537772776,0.844934721078612
"569",2018-04-06,-0.0198478541767194,0.845293510921713
"570",2018-04-09,0.0229497078119143,0.848138519525449
"571",2018-04-10,0.0283736933361498,0.863584707285851
"572",2018-04-11,0.0142765687880504,0.85588431600383
"573",2018-04-12,0.00015812262605408,0.85078758646382
"574",2018-04-13,0.0262491033396619,0.843496126290614
"575",2018-04-16,0.0127890865767939,0.851788578079491
"576",2018-04-17,0.0118666432984382,0.858270382606167
"577",2018-04-18,-0.00135335599457909,0.858611159877777
"578",2018-04-19,-0.00165629697013936,0.853285965521977
"579",2018-04-20,-0.00784168454202971,0.857264973867493
"580",2018-04-23,-0.00471189131398897,0.847849679443731
"581",2018-04-24,-0.00259636194692925,0.847060083149649
"582",2018-04-25,-0.00382791655750714,0.846210046268101
"583",2018-04-26,0.0293575731381348,0.860000114611697
"584",2018-04-27,-0.0301627324199213,0.863869732749603
"585",2018-04-30,0.00846799435298418,0.855513925614362
"586",2018-05-01,0.00320602162235151,0.855775721882308
"587",2018-05-02,-0.00395670226902489,0.855354851798071
"588",2018-05-03,0.00825068072606161,0.853862541766843
"589",2018-05-04,0.0131837089773856,0.851513638539501
"590",2018-05-07,-0.0013460723954416,0.849898151105609
"591",2018-05-08,0.0145275083142153,0.848396216974322
"592",2018-05-09,0.0141718540042652,0.850707790515742
"593",2018-05-10,0.00931578782644604,0.846775799683948
"594",2018-05-11,0.00557513816140043,0.846935167011448
"595",2018-05-14,0.00216008378803978,0.8491450621125
"596",2018-05-15,0.00718516733926511,0.845011390371553
"597",2018-05-16,-0.00342411355531347,0.842886242454923
"598",2018-05-17,0.0115964891931291,0.84432056568117
"599",2018-05-18,-0.0157091894780714,0.847773476749757
"600",2018-05-21,0.0159599066760987,0.848612054293597
"601",2018-05-22,-0.00750104195479484,0.849317192405072
"602",2018-05-23,-0.0144017706747784,0.846571775222865
"603",2018-05-24,-0.00969347831629064,0.850515178415009
"604",2018-05-25,-0.04353520890719,0.85927491671876
"605",2018-05-29,0.00366562358945322,0.844571713889215
"606",2018-05-30,0.0356112302076486,0.864811263742036
"607",2018-05-31,-0.00969889417063219,0.878546650005417
"608",2018-06-01,0.0133551368170186,0.879830375884795
"609",2018-06-04,-0.00571095590339965,0.877944837166984
"610",2018-06-05,-0.00500729132380084,0.873164166468556
"611",2018-06-06,0.00473650300687689,0.870989301625066
"612",2018-06-07,0.0235709692447383,0.869313089238007
"613",2018-06-08,-0.000719592117743306,0.864650696161098
"614",2018-06-11,0.015267558068337,0.868725958658001
"615",2018-06-12,-0.0150379650635004,0.865524544323193
"616",2018-06-13,0.00273674396458823,0.863860889200124
"617",2018-06-14,-0.0214021541870666,0.860390643528289
"618",2018-06-15,-0.0406574046363761,0.865528860300935
"619",2018-06-18,0.0189716250669927,0.859645021880618
"620",2018-06-19,-0.00510503171689114,0.861124510668605
"621",2018-06-20,0.018261355385238,0.861353439925033
"622",2018-06-21,-0.0349782429582696,0.881700797155162
"623",2018-06-22,0.0410070902601367,0.883192290410039
"624",2018-06-25,-0.0241956412946095,0.897082989734436
"625",2018-06-26,0.0181433227679315,0.89671065242513
"626",2018-06-27,0.020789963520683,0.880422373315024
"627",2018-06-28,-0.00480039975884783,0.876497429946921
"628",2018-06-29,0.0176873639206068,0.876576525304113
"629",2018-07-02,-0.0147947985074488,0.873575305148734
"630",2018-07-03,0.0141421500591845,0.866094218898834
"631",2018-07-05,-0.00905688929658122,0.854943783051435
"632",2018-07-06,0.0104454015806137,0.855483981667068
"633",2018-07-09,0.0193825452037475,0.861264461119806
"634",2018-07-10,0.0104221713282255,0.864563960609027
"635",2018-07-11,-0.0235569353999316,0.874638074395808
"636",2018-07-12,0.0199854945454783,0.884411079968244
"637",2018-07-13,0.00769799674373361,0.884294020664655
"638",2018-07-16,-0.0197223686249551,0.885126243665477
"639",2018-07-17,-0.00425062293706524,0.883276936273993
"640",2018-07-18,0.00099593310537105,0.883814277560905
"641",2018-07-19,-0.00938126980277321,0.885989248652792
"642",2018-07-20,0.00871680643077499,0.887893245550743
"643",2018-07-23,-0.00042855540188802,0.887631618807728
"644",2018-07-24,0.0124321922115662,0.889100806918125
"645",2018-07-25,0.00931508543727055,0.886930880526746
"646",2018-07-26,0.00405555959609583,0.885820556002544
"647",2018-07-27,-0.00487469131917961,0.88590616265902
"648",2018-07-30,0.0114765985555589,0.879051694166175
"649",2018-07-31,-0.00138366334880258,0.877481638640583
"650",2018-08-01,-0.00498842855370452,0.878217515127358
"651",2018-08-02,-0.00348102632070502,0.875122912200145
"652",2018-08-03,-0.00377313217941422,0.872526718570655
"653",2018-08-06,0.00617192968616775,0.87287204725699
"654",2018-08-07,0.0163112457562551,0.874718370533055
"655",2018-08-08,-0.0207133756753605,0.874464708343959
"656",2018-08-09,0.00504269997360129,0.874484799912029
"657",2018-08-10,0.00264794880138219,0.8697832371339
"658",2018-08-13,-0.0120932505630139,0.866671889176017
"659",2018-08-14,0.0151963396007604,0.868570391521212
"660",2018-08-15,-0.0600139631018937,0.905440604974035
"661",2018-08-16,0.0234444515961827,0.91429977375797
"662",2018-08-17,0.00518648540065358,0.914656479529948
"663",2018-08-20,0.0107496207929718,0.914461514461324
"664",2018-08-21,0.00524665247563583,0.914826565300057
"665",2018-08-22,0.0156584120456211,0.913001882878575
"666",2018-08-23,0.000694257649911822,0.912299285422712
"667",2018-08-24,0.00777251286510339,0.912419203571062
"668",2018-08-27,0.00316757771598453,0.910115779798924
"669",2018-08-28,-0.0108457896744151,0.911103038269773
"670",2018-08-29,0.0206800346327205,0.914904645524559
"671",2018-08-30,0.00027206440367622,0.914115822955386
"672",2018-08-31,-0.00176727161146217,0.909353508372316
"673",2018-09-04,-0.00435799169126261,0.905511154799945
"674",2018-09-05,-0.0015043795742119,0.912916246139042
"675",2018-09-06,-0.0336988481004035,0.921832409281609
"676",2018-09-07,-0.00453649087577879,0.922727123402193
"677",2018-09-10,0.0132443291320004,0.92721810506079
"678",2018-09-11,0.00449741107455037,0.927430515149886
"679",2018-09-12,0.00699611081904372,0.927194609881379
"680",2018-09-13,0.00805904373703803,0.925958263900948
"681",2018-09-14,0.0130942328541708,0.920071463752508
"682",2018-09-17,0.0100679803094532,0.915124179461445
"683",2018-09-18,0.0107757975408389,0.919741108328418
"684",2018-09-19,0.00652983571888255,0.922869278845192
"685",2018-09-20,-0.002250649049089,0.916383555756117
"686",2018-09-21,0.0122080696620235,0.915871102911023
"687",2018-09-24,0.0102255385640442,0.911795970676964
"688",2018-09-25,0.0136256392643892,0.910387556140844
"689",2018-09-26,-0.0106261182278383,0.908256392600613
"690",2018-09-27,0.00310550480562077,0.908507250231519
"691",2018-09-28,-0.00154772511761103,0.908471621817236
"692",2018-10-01,0.0321703631792496,0.913775910077759
"693",2018-10-02,-0.0201525361983556,0.919485343082224
"694",2018-10-03,0.00370450599334271,0.926828495438736
"695",2018-10-04,-0.00369083327933883,0.926801435467223
"696",2018-10-05,0.00140491010822785,0.926799978383042
"697",2018-10-08,-0.00140293910489808,0.929358564843168
"698",2018-10-09,0.0143074480347671,0.924639325649077
"699",2018-10-10,-0.0542822857228589,0.977415319470109
"700",2018-10-11,-0.0306299826592198,0.993617646010354
"701",2018-10-12,0.018555756416353,0.996710847775758
"702",2018-10-15,-0.00758505854763236,0.998950543367103
"703",2018-10-16,0.00723365836036494,0.978754937594703
"704",2018-10-17,-0.0178862324142396,0.980142810074126
"705",2018-10-18,0.00151778315866946,0.964000668439857
"706",2018-10-19,-0.00137754566879789,0.962626331643639
"707",2018-10-22,-0.00606994619149115,0.967564116830525
"708",2018-10-23,-0.0392781163699862,0.978350671309814
"709",2018-10-24,-0.0509968461628314,1.01537727215923
"710",2018-10-25,0.0354694636471227,1.03092475150584
"711",2018-10-26,0.00676286239250401,1.00215695084606
"712",2018-10-29,-0.0165013834963335,1.00337599500389
"713",2018-10-30,0.0322199865499371,1.01316150431417
"714",2018-10-31,0.00546597498658397,1.00590801780899
"715",2018-11-01,-0.00457774345194284,0.996662104392354
"716",2018-11-02,-0.0250073315136852,1.0044578277235
"717",2018-11-05,0.0175412229089267,1.00503351076899
"718",2018-11-06,0.00680886777547052,1.0056459592748
"719",2018-11-07,0.00762556871618503,0.98954424264399
"720",2018-11-08,-0.0445519712150628,0.995657047360004
"721",2018-11-09,-0.0026903979749362,0.99138101112811
"722",2018-11-12,-0.0238274522895966,0.994403856598472
"723",2018-11-13,-0.021799150240843,0.990290277766685
"724",2018-11-14,0.00627736999213946,0.985257188452241
"725",2018-11-15,0.0169993692285182,0.988590191885546
"726",2018-11-16,0.0139550038382819,0.981793972322769
"727",2018-11-19,0.00483964623979727,0.982261620709993
"728",2018-11-20,-0.0368752782308366,1.02012313677184
"729",2018-11-21,0.0232849220933318,1.02300136793032
"730",2018-11-23,-0.0256569393325606,1.01825442259166
"731",2018-11-26,0.014106748232513,1.04594973148186
"732",2018-11-27,0.00896439778650548,1.03752584904046
"733",2018-11-28,0.0163909832042208,1.02676515973318
"734",2018-11-29,0.0078372666533697,1.00475376342702
"735",2018-11-30,-0.0103186587073322,1.01728333805545
"736",2018-12-03,0.0442732220337045,1.03788677570634
"737",2018-12-04,-0.0316886583161362,1.03941908771841
"738",2018-12-06,-0.00463234660246248,1.03500942196937
"739",2018-12-07,-0.0105087638209819,1.01820738546569
"740",2018-12-10,-0.0107724544164965,0.997537109988371
"741",2018-12-11,0.00368104458438534,1.01144188627487
"742",2018-12-12,-0.00259782565227973,1.00732316451039
"743",2018-12-13,0.0131758962496853,0.99651996397342
"744",2018-12-14,-0.0238922665851444,1.006081022839
"745",2018-12-17,-0.0221532468937536,1.00974085812744
"746",2018-12-18,-0.0191699458718803,1.01785203925134
"747",2018-12-19,-0.0101760548745742,1.01476034445967
"748",2018-12-20,-0.0208876687617107,1.01980092176634
"749",2018-12-21,-0.00333336585807609,1.00642199394919
"750",2018-12-24,-0.0466554865686564,1.02619863026298
"751",2018-12-26,0.0787580704568505,1.08712584783446
"752",2018-12-27,0.0118700429959466,1.08524372568095
"753",2018-12-28,-0.00899902208556025,1.08671819385549
"754",2018-12-31,0.0110265072968811,1.08689282126138
"755",2019-01-02,0.0165197369354606,1.0866527014532
"756",2019-01-03,-0.0189335311380319,1.07291947203057
"757",2019-01-04,0.0252493299950631,1.05235111192343
"758",2019-01-07,-0.00439213420792628,1.05125855401745
"759",2019-01-08,0.0133919425035101,1.06951336880667
"760",2019-01-09,0.0331158880602971,1.11473292579752
"761",2019-01-10,0.0224228418233767,1.12804295620471
"762",2019-01-11,-0.0228142560102091,1.1438089285798
"763",2019-01-14,-0.0117487842214551,1.14480340839384
"764",2019-01-15,0.00640161426112451,1.14597004769677
"765",2019-01-16,-0.00560361806972676,1.14994915852815
"766",2019-01-17,0.0213219017027193,1.14335042989423
"767",2019-01-18,0.0125259667460529,1.15319105694312
"768",2019-01-22,-0.0316640857471417,1.16187628954689
"769",2019-01-23,0.00167300598326325,1.16699473392246
"770",2019-01-24,0.00394782155678786,1.16422511809521
"771",2019-01-25,0.0131577498707507,1.15855580870067
"772",2019-01-28,-0.0244811570880084,1.17016113386568
"773",2019-01-29,-0.000765156148877399,1.17408206193157
"774",2019-01-30,0.00597254966905658,1.16883574287001
"775",2019-01-31,0.0304459787152909,1.17592355245916
"776",2019-02-01,0.0146255494877969,1.17695386588763
"777",2019-02-04,0.0182004339544408,1.18025920177351
"778",2019-02-05,-0.00958084369319001,1.17814765697368
"779",2019-02-06,-0.00216610113224969,1.17894096948221
"780",2019-02-07,-0.023585485059235,1.18482273077002
"781",2019-02-08,-0.0136212878597421,1.19310002050622
"782",2019-02-11,0.00724429880939281,1.19375768192316
"783",2019-02-12,0.0106382496838395,1.18235928362327
"784",2019-02-13,0.00489239532766472,1.18392873271002
"785",2019-02-14,0.0194748849775273,1.18815365135839
"786",2019-02-15,0.0156296190849041,1.18942645836799
"787",2019-02-19,-0.00983205341133153,1.1903379176865
"788",2019-02-20,0.016693046633905,1.19270726229616
"789",2019-02-21,-0.00580316852470042,1.19445738141331
"790",2019-02-22,-0.00384392911303089,1.19182019377704
"791",2019-02-25,-0.0102900837804768,1.19165340606327
"792",2019-02-26,-0.00476529114894275,1.19063852855566
"793",2019-02-27,0.00435293187263519,1.19130164214326
"794",2019-02-28,-0.0197919886725612,1.19345855572311
"795",2019-03-01,0.015917368013046,1.19598336221948
"796",2019-03-04,0.0140724291894967,1.19756196947877
"797",2019-03-05,-0.0127325022867542,1.19988648606164
"798",2019-03-06,-0.0104334014342694,1.20135952985383
"799",2019-03-07,-0.00497889540244345,1.19769592370986
"800",2019-03-08,-0.0370860296176835,1.19887017541223
"801",2019-03-11,0.00672471570380129,1.19077020374205
"802",2019-03-12,-0.00364357026475781,1.19254700514904
"803",2019-03-13,0.0262074772487175,1.19773906414489
"804",2019-03-14,-0.00489970857361,1.19285453256418
"805",2019-03-15,0.00850507940749656,1.20350409838747
"806",2019-03-18,0.000295847635851887,1.19030975906961
"807",2019-03-19,-0.00384575345378901,1.18987915628978
"808",2019-03-20,0.00282110325632989,1.18858226626393
"809",2019-03-21,0.00888353649797868,1.18880951406752
"810",2019-03-22,-0.0303785461028122,1.19620748750903
"811",2019-03-25,0.0151355381534588,1.19772680207471
"812",2019-03-26,0.022215521643322,1.20338408660235
"813",2019-03-27,-0.00948043128278386,1.20494498814427
"814",2019-03-28,-0.00780470604949179,1.2022413510975
"815",2019-03-29,-0.00949829976956529,1.1979732273671
"816",2019-04-01,0.014234388760606,1.19981737073493
"817",2019-04-02,-0.0197961367093485,1.20264504577701
"818",2019-04-03,-0.0126602548101795,1.1988947520954
"819",2019-04-04,-0.00534263564016269,1.20065553119261
"820",2019-04-05,0.014732951437032,1.20259248486757
"821",2019-04-08,0.00650322784511648,1.20166219028251
"822",2019-04-09,-0.0127722975500707,1.19459381339428
"823",2019-04-10,0.0193303278678176,1.19398870434847
"824",2019-04-11,-0.00895921110300157,1.18888791051579
"825",2019-04-12,0.0150671878847626,1.18973289481504
"826",2019-04-15,-0.0152887743062409,1.20423562124224
"827",2019-04-16,-0.00753713186489779,1.20752782215507
"828",2019-04-17,-0.000910934722560874,1.20691135003988
"829",2019-04-18,0.00182404489666688,1.20931224940177
"830",2019-04-22,0.0160849345409553,1.21515055245696
"831",2019-04-23,-0.00761641543121638,1.21542938077213
"832",2019-04-24,-0.0263356198969882,1.21809261208409
"833",2019-04-25,-0.0112827377127375,1.21456714390775
"834",2019-04-26,-0.0186026153639323,1.2083966092802
"835",2019-04-29,-0.00207057063668825,1.20309493962068
"836",2019-04-30,0.00750191183856042,1.19904992102511
"837",2019-05-01,-0.00712925337281323,1.19775193041911
"838",2019-05-02,-0.0220201879441346,1.19882668180546
"839",2019-05-03,0.0117473839674056,1.2007720544931
"840",2019-05-06,-0.00209635211675507,1.19991823234515
"841",2019-05-07,-0.0142210125517132,1.19400979520496
"842",2019-05-08,0.00704907183764769,1.19375119630084
"843",2019-05-09,0.00179070179620222,1.19297111719454
"844",2019-05-10,0.0111863166443165,1.19259534388621
"845",2019-05-13,-0.0117893394400507,1.17283930028162
"846",2019-05-14,0.0184670639702273,1.17764480907072
"847",2019-05-15,-0.00449285685458467,1.17577687320117
"848",2019-05-16,0.00854267238403561,1.18051908904682
"849",2019-05-17,-0.00751141970763358,1.18194091399309
"850",2019-05-20,0.00563603663874113,1.17716827796283
"851",2019-05-21,0.0187348734033663,1.18279892696804
"852",2019-05-22,-0.00895934828093181,1.18537907884364
"853",2019-05-23,-0.0563044689597172,1.20818962618482
"854",2019-05-24,0.00638653822907531,1.20673863160731
"855",2019-05-28,0.00283898741113831,1.20122816308356
"856",2019-05-29,0.00149866397009624,1.19839780100373
"857",2019-05-30,-0.0197871249908901,1.20012024136361
"858",2019-05-31,0.000169647952956709,1.18877448326443
"859",2019-06-03,0.00780192959542458,1.18486568311555
"860",2019-06-04,-0.00538541028939477,1.13800806106837
"861",2019-06-05,-0.0341793178961545,1.11677151523184
"862",2019-06-06,0.019621582902168,1.12018291817916
"863",2019-06-07,0.0130583673824829,1.12020739642172
"864",2019-06-10,0.00508818852649395,1.12000797743158
"865",2019-06-11,-0.00894359138857115,1.12054219587484
"866",2019-06-12,-0.00306499093267043,1.12081231570692
"867",2019-06-13,0.00871063559423035,1.1212445367197
"868",2019-06-14,-0.00406374663744846,1.1229148181681
"869",2019-06-17,0.0032301766295888,1.12314426312507
"870",2019-06-18,0.0138959391201583,1.12095527458149
"871",2019-06-19,-0.00300849485772603,1.12149017001785
"872",2019-06-20,0.0176028320343684,1.12481022406034
"873",2019-06-21,-0.00609559483557431,1.12491972415686
"874",2019-06-24,0.00314940018543841,1.12474973015898
"875",2019-06-25,-0.0123926778572353,1.12024435736159
"876",2019-06-26,0.0498577657660551,1.11692723323625
"877",2019-06-27,-0.0235856699166085,1.11148453816403
"878",2019-06-28,-0.0044066988316469,1.10877283649581
"879",2019-07-01,0.0204918015275863,1.11297006144823
"880",2019-07-02,-0.0345382006588181,1.10773854906065
"881",2019-07-03,0.00665563742171238,1.10738203188892
"882",2019-07-05,-0.00991726968659101,1.11247246321233
"883",2019-07-08,-0.000167156778681399,1.10969371050493
"884",2019-07-09,0,1.10938088727446
"885",2019-07-10,0.0220405135008104,1.11629744788511
"886",2019-07-11,0.00408433867511593,1.11686541010984
"887",2019-07-12,0.00488114596433142,1.11955035929693
"888",2019-07-15,-0.0179727158194409,1.12069321449225
"889",2019-07-16,-0.0148392204262756,1.12138516622064
"890",2019-07-17,0.000502056791614525,1.11850136501507
"891",2019-07-18,0.00903312324429395,1.11944950833916
"892",2019-07-19,0.00524867032844845,1.1111027027026
"893",2019-07-22,0.0018233013818898,1.11064315179642
"894",2019-07-23,-0.00264725775742147,1.10786862230968
"895",2019-07-24,-0.00331802569727657,1.10893048274082
"896",2019-07-25,-0.0173099244450436,1.11371584358289
"897",2019-07-26,-0.00491206627964202,1.11003719652646
"898",2019-07-29,-0.00953187503710429,1.11189249890251
"899",2019-07-30,0.0226841877284634,1.08291864244335
"900",2019-07-31,-0.00722557279464464,1.07273705550027
"901",2019-08-01,-0.00473935313455254,1.06688919847628
"902",2019-08-02,-0.0396258562653234,1.07804290952078
"903",2019-08-05,-0.0316983479536725,1.08987683623527
"904",2019-08-06,-0.00822964250928682,1.07704841726144
"905",2019-08-07,-0.0167804000999393,1.08928868496243
"906",2019-08-08,0.0328206207296859,1.10114734224298
"907",2019-08-09,-0.019248062171857,1.10452780648005
"908",2019-08-12,-0.0164784935142245,1.09686558400507
"909",2019-08-13,0.0141189101762675,1.0727477018321
"910",2019-08-14,-0.0387970477246118,1.06676021939674
"911",2019-08-15,-0.0168018426575421,1.08717781737625
"912",2019-08-16,0.0109998216383953,1.08270569164637
"913",2019-08-19,0.0479890954856856,1.09054856826344
"914",2019-08-20,-0.0228031045672752,1.09780591513857
"915",2019-08-21,-0.00151778205188446,1.1014502087628
"916",2019-08-22,-0.00703010724304043,1.09645413499802
"917",2019-08-23,-0.0352086900531593,1.09956682270325
"918",2019-08-26,0.0188416998610563,1.10322177753905
"919",2019-08-27,-0.00759191136453052,1.11745685454937
"920",2019-08-28,0.0190270135680886,1.11630753324592
"921",2019-08-29,0.00654484377923503,1.11654037257539
"922",2019-08-30,-0.0021035863851141,1.11604698738564
"923",2019-09-03,-0.002683071085398,1.1122392136363
"924",2019-09-04,0.0242120225540483,1.12469415800931
"925",2019-09-05,0.00262677288874724,1.11541920790583
"926",2019-09-06,0.00355544797441487,1.11445636509598
"927",2019-09-09,0.0249859378913242,1.13376725920305
"928",2019-09-10,0.0245589120387206,1.11983891269176
"929",2019-09-11,0.0156249859112123,1.12017631437917
"930",2019-09-12,-0.0148602458003169,1.1124286648948
"931",2019-09-13,0.0175688464044572,1.11256386319887
"932",2019-09-16,0.0905127272328479,1.09442600701407
"933",2019-09-17,-0.0209499883571049,1.10112570323304
"934",2019-09-18,-0.0197647248272151,1.10277118870969
"935",2019-09-19,-0.000666583639294949,1.10987010290503
"936",2019-09-20,0.0141738552556583,1.08703966135112
"937",2019-09-23,-0.0105229946179209,1.09492127919195
"938",2019-09-24,-0.0146227865828205,1.09682862818791
"939",2019-09-25,0.00303548647234675,1.11685868557251
"940",2019-09-26,-0.0302624204948149,1.1220126417702
"941",2019-09-27,0.00381430813347872,1.11877922379822
"942",2019-09-30,-0.0158895547416364,1.11584065886215
"943",2019-10-01,-0.0321164359228578,1.12838538129161
"944",2019-10-02,-0.0377153413168995,1.14342714943524
"945",2019-10-03,0.0111173002042413,1.14831283929655
"946",2019-10-04,-0.00298160087975496,1.13448077778248
"947",2019-10-07,0.0205606831874636,1.13431243851509
"948",2019-10-08,-0.0128205184020502,1.12718687895486
"949",2019-10-09,0.0192948612012851,1.15767122285912
"950",2019-10-10,0.0171096281908776,1.13776759111197
"951",2019-10-11,0.00984255789987909,1.05877461345373
"952",2019-10-14,-0.00531616225721054,1.05708101897469
"953",2019-10-15,-0.00320697592674646,1.04846837184815
"954",2019-10-16,-0.0165675398877776,1.04934277318524
"955",2019-10-17,-0.00146499416242907,1.04857666782516
"956",2019-10-18,-0.0106363382013994,1.06599994855344
"957",2019-10-21,0.037256732024455,1.10599507762786
"958",2019-10-22,0.0103645948342539,1.10579302395785
"959",2019-10-23,-0.00512916445057421,1.10196150369632
"960",2019-10-24,-0.00160003809832399,1.09403845649208
"961",2019-10-25,0.00338313154123138,1.08862666323444
"962",2019-10-28,-0.0118899658528535,1.08093495090996
"963",2019-10-29,0.0253233803681141,1.07512862617217
"964",2019-10-30,-0.0359082181490071,1.07074988326194
"965",2019-10-31,0.00290701995909903,1.06919859458581
"966",2019-11-01,0.0353260326346867,1.0797839669155
"967",2019-11-04,0.0148731134744855,1.08298873000201
"968",2019-11-05,0.00879305421601329,1.06301132273104
"969",2019-11-06,-0.0150401690050124,1.06306860492349
"970",2019-11-07,0.0331426259157601,1.06778931876458
"971",2019-11-08,-0.00638240348366748,1.0633735120673
"972",2019-11-11,-0.00422583246922026,1.05303127749829
"973",2019-11-12,-0.0115430039636309,1.05264402529325
"974",2019-11-13,-0.0115060148760995,1.06402565068589
"975",2019-11-14,-0.00538560135516974,1.04915915106601
"976",2019-11-15,0.0174672255144859,1.05515468662361
"977",2019-11-18,-0.0266095082881006,1.04933292272761
"978",2019-11-19,0.00828912347068855,1.05258882966623
"979",2019-11-20,0.0383068566036131,1.03681972891488
"980",2019-11-21,0.0143193087947129,1.0227480894247
"981",2019-11-22,-0.00514849655422789,1.02192122772715
"982",2019-11-25,0.0191985243571409,1.02903217080544
"983",2019-11-26,-0.015397209032781,1.02862857559068
"984",2019-11-27,0.00382638019948112,1.02824387206055
"985",2019-11-29,-0.00662911180032022,1.03542776813414
"986",2019-12-02,0.00717380895803488,1.01703611016551
"987",2019-12-03,-0.0245154638120445,1.02796891060003
"988",2019-12-04,0.0295466257233354,1.03805728507152
"989",2019-12-05,-0.0130297690867018,1.03669212993725
"990",2019-12-06,0.0355949058544482,1.06075500610655
"991",2019-12-09,-0.00225913064292083,1.06064562131388
"992",2019-12-10,-0.00113217496676821,1.06015754470982
"993",2019-12-11,-0.00129532131330712,1.06006768160054
"994",2019-12-12,0.0147535989527183,1.05982232984777
"995",2019-12-13,0.00175743103311654,1.05473280759557
"996",2019-12-16,0.00191378430442035,1.05948406136157
"997",2019-12-17,0.0111431061049572,1.0575025154364
"998",2019-12-18,-0.00503779034942475,1.05625917169044
"999",2019-12-19,-0.00015832775484359,1.05844006728502
"1000",2019-12-20,0.00838748982463033,1.05138084394019
"1001",2019-12-23,0.013810355850012,1.06097503508595
"1002",2019-12-24,0.00108361159842385,1.06197584142165
"1003",2019-12-26,0.00510281848937955,1.05168815189411
"1004",2019-12-27,-0.000307688632434466,1.05121082432869
"1005",2019-12-30,-0.00569404118593186,1.04915729607163
"1006",2019-12-31,0.0065005469086854,1.05070545021371
"1007",2020-01-02,0.00661217115406409,1.04948510718087
"1008",2020-01-03,0.00366639974190952,1.04376648400942
"1009",2020-01-06,0.0118722339459669,1.04751772703867
"1010",2020-01-07,0,1.02904292301445
"1011",2020-01-08,-0.0231647302758651,1.02129368368284
"1012",2020-01-09,0.0174004344745926,1.0183371022651
"1013",2020-01-10,-0.00983793414566003,1.0184034846226
"1014",2020-01-13,-0.00443300608792285,1.01514765366787
"1015",2020-01-14,0.000153504327791154,1.02292146291331
"1016",2020-01-15,-0.00214907646409213,1.01959315761928
"1017",2020-01-16,0.00107687721742034,1.0137359760475
"1018",2020-01-17,0,1.01457948265119
"1019",2020-01-21,-0.0159826964731838,1.01925173002161
"1020",2020-01-22,-0.0159301432349271,1.01614668469606
"1021",2020-01-23,0.00206317410623313,1.01602792615925
"1022",2020-01-24,-0.00823565378001401,1.01103128105745
"1023",2020-01-27,-0.0252315291106451,1.01914265720338
"1024",2020-01-28,0.00229355062173675,1.01294907675956
"1025",2020-01-29,-0.0112781839570325,1.00942020045076
"1026",2020-01-30,0.00661267311209879,1.00885484625787
"1027",2020-01-31,-0.0239777309863676,1.01692779487458
"1028",2020-02-03,-0.00420661586688142,1.01146954128883
"1029",2020-02-04,-0.0454545314523129,0.941052442775491
"1030",2020-02-05,0.0405381981406083,0.967363653577192
"1031",2020-02-06,-0.0062946376739359,0.975615304011587
"1032",2020-02-07,-0.00719050034097102,0.970627397528971
"1033",2020-02-10,-0.00206942690853029,0.965313945368377
"1034",2020-02-11,0.0145153611128608,0.973651870010457
"1035",2020-02-12,0.0178843944762643,0.979484324951362
"1036",2020-02-13,-0.00876300943566533,0.980573213087982
"1037",2020-02-14,-0.00340016320131653,0.980844331298982
"1038",2020-02-18,-0.00545900365853624,0.976887153266292
"1039",2020-02-19,0.0164665568332438,0.978775657230733
"1040",2020-02-20,-0.00641234333595742,0.980785289841331
"1041",2020-02-21,-0.0074728086901078,0.981291829448684
"1042",2020-02-24,-0.0352498422788347,0.987228421040001
"1043",2020-02-25,-0.0452287334220837,1.0204283519732
"1044",2020-02-26,-0.0494149591105175,1.03183497611559
"1045",2020-02-27,-0.078952442174763,1.14695789160022
"1046",2020-02-28,0.0273710659311848,1.12070738334091
"1047",2020-03-02,0.0167286659434194,1.03642643699666
"1048",2020-03-03,-0.0225471940714196,1.02385771870793
"1049",2020-03-04,0.0272235227424134,0.993143927972558
"1050",2020-03-05,-0.0349988708596238,0.997695714521812
"1051",2020-03-06,-0.0496854915164457,1.01847767855926
"1052",2020-03-09,-0.248400678225376,1.49133263496162
"1053",2020-03-10,0.0237747012292939,1.39708404351994
"1054",2020-03-11,-0.0665138060704038,1.39034106500587
"1055",2020-03-12,-0.13390670980039,1.3917934920879
"1056",2020-03-13,0.11276588297092,1.36744623259335
"1057",2020-03-16,-0.168897365805397,1.37270449704503
"1058",2020-03-17,0.006518367491259,1.31109340624964
"1059",2020-03-18,-0.136380780693559,1.35964097400384
"1060",2020-03-19,0.128804429719297,1.37910526705298
"1061",2020-03-20,0.048847242689267,1.31794533175259
"1062",2020-03-23,-0.0853204594444094,1.334238822324
"1063",2020-03-24,0.252138456334893,1.48525280206663
"1064",2020-03-25,0.00650627609265264,1.48390488665802
"1065",2020-03-26,0.0371686776324631,1.44400676693242
"1066",2020-03-27,-0.0885010533220608,1.45880896019805
"1067",2020-03-30,0.00136750483918102,1.44087286548856
"1068",2020-03-31,0.0515533542875992,1.42706485748016
"1069",2020-04-01,-0.0383116435693364,1.41403600191244
"1070",2020-04-02,0.143146452370658,1.44314109421391
"1071",2020-04-03,-0.028056776733428,1.44420598886569
"1072",2020-04-06,-0.00334224752491807,1.36628610716874
"1073",2020-04-07,0.0143291597047845,1.36600378474758
"1074",2020-04-08,0.0724376902591173,1.37593593752605
"1075",2020-04-09,-0.0266256274865335,1.36935926394642
"1076",2020-04-13,-0.0123812008179955,1.36969391811493
"1077",2020-04-14,-0.00641385501961933,1.35617852943725
"1078",2020-04-15,-0.0551644298905696,1.3620179306901
"1079",2020-04-16,-0.0350932413173496,1.35859535507592
"1080",2020-04-17,0.13485656716288,1.38710940502106
"1081",2020-04-20,-0.0195685955412874,1.38602210402719
"1082",2020-04-21,-0.0399191993366411,1.38461284668262
"1083",2020-04-22,0.0539320352528627,1.39049014079732
"1084",2020-04-23,0.0343052092393108,1.3903173750429
"1085",2020-04-24,-0.00248750310614143,1.38669003834772
"1086",2020-04-27,0.0293710781359606,1.38817669038916
"1087",2020-04-28,0.0358008638217426,1.38584473266146
"1088",2020-04-29,0.0969333236110739,1.40194851668389
"1089",2020-04-30,-0.00260601159665319,1.40059592478326
"1090",2020-05-01,-0.0703089085872698,1.4095932520043
"1091",2020-05-04,0.031170333638048,1.4105123992675
"1092",2020-05-05,0.0138750892387633,1.41160454413683
"1093",2020-05-06,-0.0105083652645521,1.4116156103793
"1094",2020-05-07,0.0476661011031487,1.41601527855622
"1095",2020-05-08,0.025714423919996,1.41685028541342
"1096",2020-05-11,-0.0188022535157496,1.41636623653864
"1097",2020-05-12,-0.0163236920218661,1.41473360353597
"1098",2020-05-13,-0.0406444650040436,1.41722830144842
"1099",2020-05-14,0.00100267572250834,1.41625327775952
"1100",2020-05-15,0.023541138667232,1.41792311015157
"1101",2020-05-18,0.0667974124996202,1.42561542910835
"1102",2020-05-19,-0.0213303635789006,1.42413158196795
"1103",2020-05-20,0.0346847505394947,1.42926969924805
"1104",2020-05-21,-0.0097395235753539,1.4323291838228
"1105",2020-05-22,-0.0100640907772823,1.43214621231657
"1106",2020-05-26,0.00901123870196963,1.43005570213011
"1107",2020-05-27,0.0228989067988146,1.42972950545934
"1108",2020-05-28,-0.0371614536289485,1.43078554767843
"1109",2020-05-29,-0.0192977654220412,1.43068644484137
"1110",2020-06-01,0.0286867081425457,1.43255738840663
"1111",2020-06-02,0.0186678216351268,1.43346808155427
"1112",2020-06-03,0.0208143301101291,1.43493366796531
"1113",2020-06-04,-0.00908688050462159,1.43155705151012
"1114",2020-06-05,0.0867815272185448,1.44306012268102
"1115",2020-06-08,0.0353982285523717,1.44604033161643
"1116",2020-06-09,-0.0333929432194042,1.44779252943154
"1117",2020-06-10,-0.0559325196591719,1.45137385746447
"1118",2020-06-11,-0.082552862913406,1.44905403167657
"1119",2020-06-12,0.0382241009718924,1.45131744343716
"1120",2020-06-15,-0.00868968924447877,1.44925765634942
"1121",2020-06-16,0.0405997902065096,1.45292888765627
"1122",2020-06-17,-0.0241631430449037,1.45366278508267
"1123",2020-06-18,0.00976835837839474,1.45421990835673
"1124",2020-06-19,-0.016872965859817,1.453824054649
"1125",2020-06-22,-0.00320372566614346,1.45500277446366
"1126",2020-06-23,0.0057392930680118,1.45499357625551
"1127",2020-06-24,-0.0643687991665762,1.46158751043848
"1128",2020-06-25,0.0261038856953433,1.46269786093395
"1129",2020-06-26,-0.0406563270698369,1.46329988310131
"1130",2020-06-29,0.0235440896478341,1.4641343927452
"1131",2020-06-30,0.0174334210405194,1.46374522401553
"1132",2020-07-01,-0.0304616077184328,1.46540514225632
"1133",2020-07-02,0.0255275407522351,1.46663841328373
"1134",2020-07-06,-0.00359009969257917,1.46296695946722
"1135",2020-07-07,-0.0237809423636984,1.46365445863693
"1136",2020-07-08,0.00984246871972716,1.4648043037688
"1137",2020-07-09,-0.0655458254609189,1.46794933645509
"1138",2020-07-10,0.0349412983866833,1.46987227655828
"1139",2020-07-13,-0.000755829488331194,1.4687384203167
"1140",2020-07-14,0.0416037406742795,1.4708190563802
"1141",2020-07-15,0.00750416587592517,1.47119954089865
"1142",2020-07-16,-0.000720780165114787,1.4718704941448
"1143",2020-07-17,-0.029390353910817,1.46970179266473
"1144",2020-07-20,-0.0157656734141022,1.46608741211737
"1145",2020-07-21,0.0592421915369412,1.46648314239242
"1146",2020-07-22,-0.0184828437475176,1.46812611336635
"1147",2020-07-23,-0.0105161500041551,1.46843488843811
"1148",2020-07-24,-0.00444867979199082,1.46978207526891
"1149",2020-07-27,-0.0126614439426006,1.46784972505307
"1150",2020-07-28,-0.0203672754596913,1.46798798112948
"1151",2020-07-29,0.0251541930642221,1.46935673966194
"1152",2020-07-30,-0.0575864842478206,1.47143134193542
"1153",2020-07-31,-0.00664185242091397,1.47176919979364
"1154",2020-08-03,-0.018186584614464,1.46984877274455
"1155",2020-08-04,0.0253335774479073,1.47049972617432
"1156",2020-08-05,0.0100956744611702,1.47048676954008
"1157",2020-08-06,0.000789103449521322,1.46848965796686
"1158",2020-08-07,0.00657028399642812,1.46919439950325
"1159",2020-08-10,0.0349869347964953,1.46992014704385
"1160",2020-08-11,0.00176582710412165,1.46870602612844
"1161",2020-08-12,0.0491060656589191,1.4724378538477
"1162",2020-08-13,-0.0247239315090156,1.47380218418959
"1163",2020-08-14,0.00467619492413163,1.47416970639632
"1164",2020-08-17,-0.00293957131117473,1.4749704628969
"1165",2020-08-18,-0.00909090652666678,1.47513355213295
"1166",2020-08-19,-0.0168609109796266,1.47367755340848
"1167",2020-08-20,-0.0221941939392525,1.47280582729338
"1168",2020-08-21,-0.015733788629263,1.47256143672318
"1169",2020-08-24,0.0186057372453163,1.47305007762772
"1170",2020-08-25,-0.000514466604375374,1.47239781672063
"1171",2020-08-26,-0.0332045148185617,1.46852033773134
"1172",2020-08-27,0.0157081321606738,1.46866098081677
"1173",2020-08-28,0.00602877630769338,1.46864426532979
"1174",2020-08-31,-0.0127671064730437,1.4688382895234
"1175",2020-09-01,-0.019266094567897,1.46710651212386
"1176",2020-09-02,-0.0209904121850738,1.46106084520697
"1177",2020-09-03,-0.0107201276932425,1.44679040613846
"1178",2020-09-04,-0.00361216571264378,1.44608837057358
"1179",2020-09-08,-0.0501952733980365,1.44995333758039
"1180",2020-09-09,0.0117439371277279,1.44771068131731
"1181",2020-09-10,-0.0446893746971615,1.45052629799976
"1182",2020-09-11,0.00577150566831408,1.44983501565916
"1183",2020-09-14,0.0123828954902672,1.44968559289878
"1184",2020-09-15,0.00835337781805268,1.44981358140652
"1185",2020-09-16,0.037869768952685,1.44764180937687
"1186",2020-09-17,0.0287912913929165,1.44594036545693
"1187",2020-09-18,-0.00609592076682397,1.4437932443157
"1188",2020-09-21,-0.0420963538844276,1.44515502177639
"1189",2020-09-22,-0.00174622503483046,1.4439575462152
"1190",2020-09-23,-0.0402332194389209,1.44279712526212
"1191",2020-09-24,0.0206560568504657,1.44338297898792
"1192",2020-09-25,0.00297631906468365,1.44099137056536
"1193",2020-09-28,0.0002966186189719,1.43823309157168
"1194",2020-09-29,-0.0370810385978714,1.43918426308156
"1195",2020-09-30,0.011706817167868,1.43938558865137
"1196",2020-10-01,-0.0124847667781701,1.43898292268598
"1197",2020-10-02,0.0197347380266562,1.43572546287327
"1198",2020-10-05,0.0365890820850439,1.4378034830943
"1199",2020-10-06,-0.0285880662038593,1.43868667145926
"1200",2020-10-07,0.0309310246990433,1.43981509936166
"1201",2020-10-08,0.0349546225002795,1.44149056211574
"1202",2020-10-09,-0.0112578447185668,1.43998741926857
"1203",2020-10-12,0.0130940957469248,1.43888845092134
"1204",2020-10-13,-0.0199493994090245,1.43940189675047
"1205",2020-10-14,-0.0100344774429891,1.43956305158982
"1206",2020-10-15,0.0251955613609143,1.43887468641324
"1207",2020-10-16,-0.0343152211005313,1.43919687066284
"1208",2020-10-19,-0.031684963250066,1.44111198453367
"1209",2020-10-20,-0.00366962179804287,1.44058372835435
"1210",2020-10-21,-0.0595457126186951,1.442102525525
"1211",2020-10-22,0.0414490170542363,1.44464867072136
"1212",2020-10-23,0.0197430536598893,1.4445187076729
"1213",2020-10-26,-0.068223737148483,1.45087180586895
"1214",2020-10-27,-0.00197887015378795,1.45135273768979
"1215",2020-10-28,-0.0485789091611808,1.44965678289518
"1216",2020-10-29,0.0128515963502316,1.44954412378678
"1217",2020-10-30,-0.0185185276847885,1.44987111284514
"1218",2020-11-02,0.0562543459136731,1.45428431985133
"1219",2020-11-03,-0.0304333186492054,1.44598027982224
"1220",2020-11-04,0.0365062811766323,1.44738897018799
"1221",2020-11-05,-0.00855810062393358,1.44189442706675
"1222",2020-11-06,-0.0308765794593763,1.44276388323023
"1223",2020-11-09,0.143542372110318,1.45512730989693
"1224",2020-11-10,0.0644096854433984,1.45466258779594
"1225",2020-11-11,-0.00703627400058615,1.45361063179226
"1226",2020-11-12,-0.0359978201186428,1.45527124617053
"1227",2020-11-13,0.039694367328013,1.45840791797495
"1228",2020-11-16,0.076923220462181,1.46488633243651
"1229",2020-11-17,0.0202204303712779,1.47151618359503
"1230",2020-11-18,0.00849420794092359,1.46634127399504
"1231",2020-11-19,0.00740174626468892,1.46665455027694
"1232",2020-11-20,0.00456045379171655,1.4657468523041
"1233",2020-11-23,0.0771751599406973,1.4694461492491
"1234",2020-11-24,0.0398034210380149,1.47159996766344
"1235",2020-11-25,-0.0175636736913594,1.47140795835483
"1236",2020-11-27,-0.0194820189009376,1.47097763866612
"1237",2020-11-30,-0.0752686925614861,1.47406019223698
"1238",2020-12-01,-0.00733072520968414,1.47203088347879
"1239",2020-12-02,0.0178254573894101,1.47180551553085
"1240",2020-12-03,0.0307728533787257,1.47145358832402
"1241",2020-12-04,0.0745145633983324,1.47671124645495
"1242",2020-12-07,-0.0327535147462787,1.48203931478416
"1243",2020-12-08,-0.00326951256995711,1.48222764826241
"1244",2020-12-09,0.000468646745262591,1.47932955061811
"1245",2020-12-10,0.030445040866961,1.47347610555538
"1246",2020-12-11,-0.0118182619952373,1.47714705173632
"1247",2020-12-14,-0.0266789719107954,1.49856647800268
"1248",2020-12-15,0.0113422258367877,1.5033523243715
"1249",2020-12-16,-0.0112150225186168,1.51666237972286
"1250",2020-12-17,-0.00827029180169814,1.52178166845232
"1251",2020-12-18,-0.0235882274219362,1.51865602223059
"1252",2020-12-21,-0.0180576416673138,1.41700218516164
"1253",2020-12-22,-0.0300695986514999,1.44039659540034
"1254",2020-12-23,0.0269023920002458,1.44236335526639
"1255",2020-12-24,-0.0147204618826483,1.44604156838211
"1256",2020-12-28,-0.00481143503733805,1.46932981126888
"1257",2020-12-29,-0.00585241871125475,1.48419690472471
"1258",2020-12-30,0.0240593806867264,1.56358923259708
