Effective date ,Dow Jones U.S. Oil & Gas Index
10/31/2011,591.87
11/1/2011,573.83
11/2/2011,590.38
11/3/2011,604.15
11/4/2011,604.04
11/5/2011,604.04
11/6/2011,604.04
11/7/2011,608.25
11/8/2011,616.1
11/9/2011,589.63
11/10/2011,600.09
11/11/2011,611.27
11/12/2011,611.27
11/13/2011,611.27
11/14/2011,604.15
11/15/2011,603.59
11/16/2011,595.55
11/17/2011,582.33
11/18/2011,579.32
11/19/2011,579.32
11/20/2011,579.32
11/21/2011,568.97
11/22/2011,563.67
11/23/2011,546.97
11/24/2011,546.97
11/25/2011,542.45
11/26/2011,542.45
11/27/2011,542.45
11/28/2011,562.5
11/29/2011,570.43
11/30/2011,601.43
12/1/2011,597.75
12/2/2011,597.46
12/3/2011,597.46
12/4/2011,597.46
12/5/2011,604.85
12/6/2011,605.35
12/7/2011,600.86
12/8/2011,585.03
12/9/2011,598.2
12/10/2011,598.2
12/11/2011,598.2
12/12/2011,583.69
12/13/2011,579.78
12/14/2011,562.67
12/15/2011,561.33
12/16/2011,567.5
12/17/2011,567.5
12/18/2011,567.5
12/19/2011,557.52
12/20/2011,580.15
12/21/2011,586.73
12/22/2011,593.51
12/23/2011,598.13
12/24/2011,598.13
12/25/2011,598.13
12/26/2011,598.13
12/27/2011,599.23
12/28/2011,587.58
12/29/2011,594.68
12/30/2011,593.75
12/31/2011,593.75
1/1/2012,593.75
1/2/2012,593.75
1/3/2012,609.73
1/4/2012,610.82
1/5/2012,607.51
1/6/2012,604.32
1/7/2012,604.32
1/8/2012,604.32
1/9/2012,607.58
1/10/2012,612.82
1/11/2012,604.47
1/12/2012,598.99
1/13/2012,596.44
1/14/2012,596.44
1/15/2012,596.44
1/16/2012,596.44
1/17/2012,601.16
1/18/2012,611.01
1/19/2012,613.23
1/20/2012,613.14
1/21/2012,613.14
1/22/2012,613.14
1/23/2012,617.4
1/24/2012,616.04
1/25/2012,623.55
1/26/2012,614.25
1/27/2012,612.59
1/28/2012,612.59
1/29/2012,612.59
1/30/2012,609.68
1/31/2012,605.12
2/1/2012,608.06
2/2/2012,610.96
2/3/2012,622.01
2/4/2012,622.01
2/5/2012,622.01
2/6/2012,629.32
2/7/2012,632.81
2/8/2012,630.17
2/9/2012,629.92
2/10/2012,623.7
2/11/2012,623.7
2/12/2012,623.7
2/13/2012,628.84
2/14/2012,630.41
2/15/2012,628.81
2/16/2012,637.31
2/17/2012,639.39
2/18/2012,639.39
2/19/2012,639.39
2/20/2012,639.39
2/21/2012,643.47
2/22/2012,645.1
2/23/2012,648.89
2/24/2012,651.16
2/25/2012,651.16
2/26/2012,651.16
2/27/2012,649.29
2/28/2012,647.98
2/29/2012,640.81
3/1/2012,647.51
3/2/2012,640.56
3/3/2012,640.56
3/4/2012,640.56
3/5/2012,637.89
3/6/2012,626.96
3/7/2012,631.49
3/8/2012,635.58
3/9/2012,634.98
3/10/2012,634.98
3/11/2012,634.98
3/12/2012,631.9
3/13/2012,640.34
3/14/2012,633.76
3/15/2012,635.06
3/16/2012,643.26
3/17/2012,643.26
3/18/2012,643.26
3/19/2012,646.69
3/20/2012,636.78
3/21/2012,630.36
3/22/2012,616.82
3/23/2012,623.57
3/24/2012,623.57
3/25/2012,623.57
3/26/2012,629.25
3/27/2012,622.43
3/28/2012,614.41
3/29/2012,614.31
3/30/2012,619.17
3/31/2012,619.17
4/1/2012,619.17
4/2/2012,624.92
4/3/2012,619.45
4/4/2012,610.89
4/5/2012,607.48
4/6/2012,607.48
4/7/2012,607.48
4/8/2012,607.48
4/9/2012,599.66
4/10/2012,587.59
4/11/2012,587.51
4/12/2012,600.23
4/13/2012,590.21
4/14/2012,590.21
4/15/2012,590.21
4/16/2012,587.57
4/17/2012,597.91
4/18/2012,596.59
4/19/2012,595.13
4/20/2012,594.36
4/21/2012,594.36
4/22/2012,594.36
4/23/2012,593.62
4/24/2012,597.9
4/25/2012,604.23
4/26/2012,609.21
4/27/2012,609.05
4/28/2012,609.05
4/29/2012,609.05
4/30/2012,611.85
5/1/2012,619.83
5/2/2012,609.98
5/3/2012,600.25
5/4/2012,586.96
5/5/2012,586.96
5/6/2012,586.96
5/7/2012,585.6
5/8/2012,583.28
5/9/2012,579.22
5/10/2012,581.3
5/11/2012,577.09
5/12/2012,577.09
5/13/2012,577.09
5/14/2012,567.92
5/15/2012,559.19
5/16/2012,556.75
5/17/2012,552.57
5/18/2012,548.64
5/19/2012,548.64
5/20/2012,548.64
5/21/2012,561.48
5/22/2012,559.13
5/23/2012,561.55
5/24/2012,560.4
5/25/2012,558.87
5/26/2012,558.87
5/27/2012,558.87
5/28/2012,558.87
5/29/2012,566.87
5/30/2012,549.26
5/31/2012,544.34
6/1/2012,531.61
6/2/2012,531.61
6/3/2012,531.61
6/4/2012,531.11
6/5/2012,535.22
6/6/2012,552.26
6/7/2012,552.94
6/8/2012,552.88
6/9/2012,552.88
6/10/2012,552.88
6/11/2012,545.83
6/12/2012,553.44
6/13/2012,546.75
6/14/2012,555.86
6/15/2012,566.07
6/16/2012,566.07
6/17/2012,566.07
6/18/2012,560.93
6/19/2012,569.44
6/20/2012,567.33
6/21/2012,543.38
6/22/2012,546.1
6/23/2012,546.1
6/24/2012,546.1
6/25/2012,535.51
6/26/2012,541.52
6/27/2012,552.05
6/28/2012,555.18
6/29/2012,573.33
6/30/2012,573.33
7/1/2012,573.33
7/2/2012,573.21
7/3/2012,586.66
7/4/2012,586.66
7/5/2012,578.33
7/6/2012,571.81
7/7/2012,571.81
7/8/2012,571.81
7/9/2012,569.09
7/10/2012,560.52
7/11/2012,568.32
7/12/2012,565.76
7/13/2012,575.77
7/14/2012,575.77
7/15/2012,575.77
7/16/2012,577.68
7/17/2012,584.96
7/18/2012,590.03
7/19/2012,591.52
7/20/2012,591.75
7/21/2012,591.75
7/22/2012,591.75
7/23/2012,585.19
7/24/2012,576.81
7/25/2012,577.42
7/26/2012,592.59
7/27/2012,602.64
7/28/2012,602.64
7/29/2012,602.64
7/30/2012,603.94
7/31/2012,596.84
8/1/2012,599.77
8/2/2012,589.52
8/3/2012,603.7
8/4/2012,603.7
8/5/2012,603.7
8/6/2012,605.15
8/7/2012,613.62
8/8/2012,614.89
8/9/2012,617.3
8/10/2012,619.11
8/11/2012,619.11
8/12/2012,619.11
8/13/2012,615.48
8/14/2012,615.44
8/15/2012,614.1
8/16/2012,620.55
8/17/2012,619.27
8/18/2012,619.27
8/19/2012,619.27
8/20/2012,617.31
8/21/2012,614.97
8/22/2012,616.43
8/23/2012,610.07
8/24/2012,614.13
8/25/2012,614.13
8/26/2012,614.13
8/27/2012,613.35
8/28/2012,614.53
8/29/2012,610.55
8/30/2012,603.67
8/31/2012,609.29
9/1/2012,609.29
9/2/2012,609.29
9/3/2012,609.29
9/4/2012,605.4
9/5/2012,603.74
9/6/2012,616.01
9/7/2012,626.14
9/8/2012,626.14
9/9/2012,626.14
9/10/2012,622.88
9/11/2012,628.86
9/12/2012,631.4
9/13/2012,643.24
9/14/2012,652.79
9/15/2012,652.79
9/16/2012,652.79
9/17/2012,646.94
9/18/2012,641.62
9/19/2012,635.8
9/20/2012,638.6
9/21/2012,640.49
9/22/2012,640.49
9/23/2012,640.49
9/24/2012,636.56
9/25/2012,630.25
9/26/2012,623.98
9/27/2012,632.33
9/28/2012,629.26
9/29/2012,629.26
9/30/2012,629.26
10/1/2012,632.46
10/2/2012,632.23
10/3/2012,624.31
10/4/2012,630.73
10/5/2012,629.11
10/6/2012,629.11
10/7/2012,629.11
10/8/2012,629.97
10/9/2012,630.63
10/10/2012,619.39
10/11/2012,623.32
10/12/2012,619.96
10/13/2012,619.96
10/14/2012,619.96
10/15/2012,623.19
10/16/2012,632.84
10/17/2012,640.31
10/18/2012,640.94
10/19/2012,631.3
10/20/2012,631.3
10/21/2012,631.3
10/22/2012,627.63
10/23/2012,612.86
10/24/2012,608.58
10/25/2012,614.43
10/26/2012,614.74
10/27/2012,614.74
10/28/2012,614.74
10/29/2012,614.74
10/30/2012,614.74
10/31/2012,613.9
11/1/2012,617.99
11/2/2012,607.58
11/3/2012,607.58
11/4/2012,607.58
11/5/2012,612.44
11/6/2012,622.03
11/7/2012,603.18
11/8/2012,592.71
11/9/2012,593.08
11/10/2012,593.08
11/11/2012,593.08
11/12/2012,593.83
11/13/2012,589.94
11/14/2012,582.45
11/15/2012,583.29
11/16/2012,585.15
11/17/2012,585.15
11/18/2012,585.15
11/19/2012,598.82
11/20/2012,596.4
11/21/2012,599.65
11/22/2012,599.65
11/23/2012,607.59
11/24/2012,607.59
11/25/2012,607.59
11/26/2012,602.26
11/27/2012,596.69
11/28/2012,602.86
11/29/2012,604.02
11/30/2012,604.17
12/1/2012,604.17
12/2/2012,604.17
12/3/2012,600.77
12/4/2012,598.9
12/5/2012,604.25
12/6/2012,605.84
12/7/2012,609.64
12/8/2012,609.64
12/9/2012,609.64
12/10/2012,608.77
12/11/2012,612.05
12/12/2012,614.1
12/13/2012,608.21
12/14/2012,605.7
12/15/2012,605.7
12/16/2012,605.7
12/17/2012,611.05
12/18/2012,622.02
12/19/2012,617.24
12/20/2012,621.76
12/21/2012,614.51
12/22/2012,614.51
12/23/2012,614.51
12/24/2012,609.87
12/25/2012,609.87
12/26/2012,607.78
12/27/2012,606.96
12/28/2012,596.43
12/29/2012,596.43
12/30/2012,596.43
12/31/2012,609.25
1/1/2013,609.25
1/2/2013,623.82
1/3/2013,623.61
1/4/2013,630.6
1/5/2013,630.6
1/6/2013,630.6
1/7/2013,625.89
1/8/2013,625.01
1/9/2013,624.01
1/10/2013,630.12
1/11/2013,631.56
1/12/2013,631.56
1/13/2013,631.56
1/14/2013,631.29
1/15/2013,634.2
1/16/2013,636.05
1/17/2013,640.39
1/18/2013,646.03
1/19/2013,646.03
1/20/2013,646.03
1/21/2013,646.03
1/22/2013,651.85
1/23/2013,649.45
1/24/2013,652.06
1/25/2013,658.14
1/26/2013,658.14
1/27/2013,658.14
1/28/2013,656.42
1/29/2013,665.95
1/30/2013,661.9
1/31/2013,659.03
2/1/2013,665.36
2/2/2013,665.36
2/3/2013,665.36
2/4/2013,658.99
2/5/2013,664.15
2/6/2013,664.06
2/7/2013,660.82
2/8/2013,666.6
2/9/2013,666.6
2/10/2013,666.6
2/11/2013,662.53
2/12/2013,664.28
2/13/2013,666.15
2/14/2013,670.24
2/15/2013,662.56
2/16/2013,662.56
2/17/2013,662.56
2/18/2013,662.56
2/19/2013,670.16
2/20/2013,657.26
2/21/2013,652.92
2/22/2013,659.54
2/23/2013,659.54
2/24/2013,659.54
2/25/2013,642.54
2/26/2013,648.19
2/27/2013,658.31
2/28/2013,658.85
3/1/2013,656.9
3/2/2013,656.9
3/3/2013,656.9
3/4/2013,655.03
3/5/2013,660.07
3/6/2013,660.79
3/7/2013,663
3/8/2013,666.15
3/9/2013,666.15
3/10/2013,666.15
3/11/2013,666.28
3/12/2013,667.28
3/13/2013,666.28
3/14/2013,675.49
3/15/2013,674.92
3/16/2013,674.92
3/17/2013,674.92
3/18/2013,668.88
3/19/2013,662.17
3/20/2013,666.35
3/21/2013,662.49
3/22/2013,667.54
3/23/2013,667.54
3/24/2013,667.54
3/25/2013,665.35
3/26/2013,672.7
3/27/2013,674.61
3/28/2013,672.5
3/29/2013,672.5
3/30/2013,672.5
3/31/2013,672.5
4/1/2013,671.59
4/2/2013,667.91
4/3/2013,656.46
4/4/2013,655.81
4/5/2013,656.33
4/6/2013,656.33
4/7/2013,656.33
4/8/2013,660.77
4/9/2013,665.94
4/10/2013,669.25
4/11/2013,671.95
4/12/2013,662.75
4/15/2013,636.33
4/16/2013,643.85
4/17/2013,630.89
4/18/2013,635.4
4/19/2013,635.5
4/22/2013,642.28
4/23/2013,649.64
4/24/2013,658.02
4/25/2013,656.63
4/26/2013,655.99
4/29/2013,662.67
4/30/2013,666.23
5/1/2013,655.28
5/2/2013,663.65
5/3/2013,676.07
5/6/2013,680.06
5/7/2013,684.94
5/8/2013,686.35
5/9/2013,684.12
5/10/2013,681.12
5/13/2013,680.72
5/14/2013,689.44
5/15/2013,686.85
5/16/2013,683.41
5/17/2013,694.49
5/20/2013,703.32
5/21/2013,702.63
5/22/2013,693.66
5/23/2013,692.4
5/24/2013,689.87
5/28/2013,697.09
5/29/2013,695.82
5/30/2013,694.04
5/31/2013,680.2
6/3/2013,686.6
6/4/2013,681.51
6/5/2013,673.99
6/6/2013,678.92
6/7/2013,686.92
6/10/2013,684.97
6/11/2013,675.09
6/12/2013,668.89
6/13/2013,680.56
6/14/2013,674.24
6/17/2013,683.23
6/18/2013,687.27
6/19/2013,680.59
6/20/2013,661.6
6/21/2013,663.12
6/24/2013,653.16
6/25/2013,660.86
6/26/2013,665.62
6/27/2013,666.86
6/28/2013,665.44
7/1/2013,669.51
7/2/2013,671.17
7/3/2013,671.61
7/5/2013,679.39
7/8/2013,683.73
7/9/2013,691.17
7/10/2013,687.21
7/11/2013,693.31
7/12/2013,696.1
7/15/2013,695.39
7/16/2013,691.45
7/17/2013,694.56
7/18/2013,701.25
7/19/2013,710.74
7/22/2013,709.07
7/23/2013,710.25
7/24/2013,702.8
7/25/2013,706.44
7/26/2013,703.97
7/29/2013,698.24
7/30/2013,696.97
7/31/2013,699.58
8/1/2013,708.97
8/2/2013,705.49
8/5/2013,703.69
8/6/2013,699.61
8/7/2013,696.65
8/8/2013,700.7
8/9/2013,697.23
8/12/2013,693.64
8/13/2013,694.75
8/14/2013,691.9
8/15/2013,687.49
8/16/2013,684.89
8/19/2013,674.17
8/20/2013,677.57
8/21/2013,673.57
8/22/2013,682.84
8/23/2013,688.02
8/26/2013,686.5
8/27/2013,681.92
8/28/2013,693.81
8/29/2013,686.69
8/30/2013,685.72
9/3/2013,689.77
9/4/2013,693.68
9/5/2013,696.1
9/6/2013,696.47
9/9/2013,703.87
9/10/2013,704.25
9/11/2013,709.66
9/12/2013,705.55
9/13/2013,705.8
9/16/2013,705.91
9/17/2013,709.4
9/18/2013,717.65
9/19/2013,716.03
9/20/2013,710.26
9/23/2013,707.02
9/24/2013,707.9
9/25/2013,708.31
9/26/2013,708.91
9/27/2013,706.87
9/30/2013,701.51
10/1/2013,706.38
10/2/2013,708.09
10/3/2013,702.67
10/4/2013,708.89
10/7/2013,703.42
10/8/2013,695.71
10/9/2013,692.91
10/10/2013,705.35
10/11/2013,712.64
10/14/2013,717.25
10/15/2013,714.22
10/16/2013,724.33
10/17/2013,726.38
10/18/2013,733.6
10/21/2013,730.43
10/22/2013,734.56
10/23/2013,723.99
10/24/2013,728.84
10/25/2013,731.65
10/28/2013,732.39
10/29/2013,737.74
10/30/2013,732.99
10/31/2013,730.98
11/1/2013,728.31
11/4/2013,738.55
11/5/2013,733.17
11/6/2013,736.12
11/7/2013,724.43
11/8/2013,735.7
11/11/2013,737.5
11/12/2013,730.53
11/13/2013,735.71
11/14/2013,740.23
11/15/2013,745.03
11/18/2013,738.89
11/19/2013,739.01
11/20/2013,736.79
11/21/2013,743.73
11/22/2013,747.67
11/25/2013,740.78
11/26/2013,739.03
11/27/2013,733.28
11/29/2013,731.97
12/2/2013,732.28
12/3/2013,734.37
12/4/2013,731.62
12/5/2013,728.74
12/6/2013,731.27
12/9/2013,731.26
12/10/2013,729.34
12/11/2013,718.64
12/12/2013,722.3
12/13/2013,719.4
12/16/2013,726.53
12/17/2013,722.45
12/18/2013,733.73
12/19/2013,735.14
12/20/2013,737.05
12/23/2013,737.49
12/24/2013,742.14
12/26/2013,747.91
12/27/2013,751.64
12/30/2013,745.58
12/31/2013,752.52
1/2/2014,742.12
1/3/2014,740.19
1/6/2014,739.87
1/7/2014,746.29
1/8/2014,741.44
1/9/2014,738.71
1/10/2014,740.18
1/13/2014,725.93
1/14/2014,734.6
1/15/2014,732.34
1/16/2014,733.11
1/17/2014,732.57
1/21/2014,736.63
1/22/2014,739.43
1/23/2014,730.96
1/24/2014,715.49
1/27/2014,712.32
1/28/2014,718.22
1/29/2014,713.67
1/30/2014,715.16
1/31/2014,705.38
2/3/2014,692.31
2/4/2014,697.75
2/5/2014,691.86
2/6/2014,701.36
2/7/2014,708.9
2/10/2014,704.43
2/11/2014,714.87
2/12/2014,713.2
2/13/2014,716.73
2/14/2014,726.41
2/18/2014,729.63
2/19/2014,729.05
2/20/2014,734.45
2/21/2014,729.6
2/24/2014,741.4
2/25/2014,740.94
2/26/2014,736.23
2/27/2014,736.81
2/28/2014,740.93
3/3/2014,736.59
3/4/2014,744.54
3/5/2014,736.79
3/6/2014,740.99
3/7/2014,743.6
3/10/2014,744.74
3/11/2014,735.74
3/12/2014,735.87
3/13/2014,728.72
3/14/2014,730.41
3/17/2014,735.04
3/18/2014,741.14
3/19/2014,735.09
3/20/2014,738.84
3/21/2014,741.35
3/24/2014,739.78
3/25/2014,745.59
3/26/2014,742.42
3/27/2014,748.98
3/28/2014,758.69
3/31/2014,758.73
4/1/2014,763.11
4/2/2014,765.83
4/3/2014,769.31
4/4/2014,766.03
4/7/2014,754.38
4/8/2014,761.89
4/9/2014,766.04
4/10/2014,755.3
4/11/2014,753.33
4/14/2014,763.01
4/15/2014,772.39
4/16/2014,782.21
4/17/2014,788.81
4/21/2014,793.89
4/22/2014,792.55
4/23/2014,796.18
4/24/2014,795.24
4/25/2014,791.3
4/28/2014,792.83
4/29/2014,796.26
4/30/2014,796.3
5/1/2014,793.25
5/2/2014,796.06
5/5/2014,799.58
5/6/2014,800.4
5/7/2014,806.65
5/8/2014,795.17
5/9/2014,793.81
5/12/2014,798.33
5/13/2014,800.87
5/14/2014,801.03
5/15/2014,790.44
5/16/2014,788.45
5/19/2014,790.95
5/20/2014,789.08
5/21/2014,798.13
5/22/2014,796.87
5/23/2014,795.62
5/27/2014,797.52
5/28/2014,798.51
5/29/2014,805.09
5/30/2014,804.46
6/2/2014,802.61
6/3/2014,805.41
6/4/2014,804.56
6/5/2014,809.09
6/6/2014,815.94
6/9/2014,816.88
6/10/2014,815.68
6/11/2014,818.68
6/12/2014,821.81
6/13/2014,830
6/16/2014,834.1
6/17/2014,833
6/18/2014,839.45
6/19/2014,844.51
6/20/2014,852.52
6/23/2014,855.72
6/24/2014,838.27
6/25/2014,844.04
6/26/2014,844.71
6/27/2014,844.94
6/30/2014,846.02
7/1/2014,846.77
7/2/2014,845.47
7/3/2014,848.53
7/7/2014,843.03
7/8/2014,841.68
7/9/2014,847.05
7/10/2014,838.66
7/11/2014,832.05
7/14/2014,839.65
7/15/2014,835.52
7/16/2014,848.49
7/17/2014,835.16
7/18/2014,838.33
7/21/2014,839.52
7/22/2014,846.2
7/23/2014,850.91
7/24/2014,851.56
7/25/2014,845.24
7/28/2014,843.73
7/29/2014,840.5
7/30/2014,835.92
7/31/2014,815.54
8/1/2014,809.17
8/4/2014,822.36
8/5/2014,804.66
8/6/2014,807.55
8/7/2014,801.98
8/8/2014,815.58
8/11/2014,814.68
8/12/2014,809.1
8/13/2014,811.9
8/14/2014,807.04
8/15/2014,811.76
8/18/2014,814.38
8/19/2014,820.39
8/20/2014,822.25
8/21/2014,822.63
8/22/2014,817.61
8/25/2014,824.9
8/26/2014,829.14
8/27/2014,828.75
8/28/2014,828.62
8/29/2014,833.25
9/2/2014,823.04
9/3/2014,825.69
9/4/2014,814.2
9/5/2014,820
9/8/2014,807.02
9/9/2014,802.81
9/10/2014,800.92
9/11/2014,802.05
9/12/2014,789.68
9/15/2014,794.98
9/16/2014,804.32
9/17/2014,800.64
9/18/2014,796.61
9/19/2014,796.03
9/22/2014,784
9/23/2014,781.71
9/24/2014,782.72
9/25/2014,770.45
9/26/2014,780.52
9/29/2014,778.34
9/30/2014,768.25
10/1/2014,753.3
10/2/2014,750.33
10/3/2014,749.56
10/6/2014,750.18
10/7/2014,739.75
10/8/2014,746.48
10/9/2014,717.79
10/10/2014,708.4
10/13/2014,686.38
10/14/2014,677.94
10/15/2014,682.26
10/16/2014,694.75
10/17/2014,700.28
10/20/2014,706.18
10/21/2014,727.29
10/22/2014,713.95
10/23/2014,727.08
10/24/2014,724.83
10/27/2014,709.28
10/28/2014,726.2
10/29/2014,727.37
10/30/2014,724.63
10/31/2014,739.37
11/3/2014,726.66
11/4/2014,710.8
11/5/2014,722.7
11/6/2014,731.64
11/7/2014,739.76
11/10/2014,733.05
11/11/2014,735.25
11/12/2014,728.39
11/13/2014,718.2
11/14/2014,724.83
11/17/2014,720.97
11/18/2014,721.27
11/19/2014,725.08
11/20/2014,733.87
11/21/2014,743.19
11/24/2014,737.59
11/25/2014,725.49
11/26/2014,716.54
11/28/2014,668.48
12/1/2014,671.25
12/2/2014,679.49
12/3/2014,687.83
12/4/2014,681.94
12/5/2014,673.48
12/8/2014,645.68
12/9/2014,652.14
12/10/2014,631.14
12/11/2014,631.05
12/12/2014,618.01
12/15/2014,612.64
12/16/2014,617.57
12/17/2014,644.81
12/18/2014,658.53
12/19/2014,679.3
12/22/2014,672.15
12/23/2014,680.67
12/24/2014,675.14
12/26/2014,674.91
12/29/2014,676.83
12/30/2014,672.34
12/31/2014,667.46
1/2/2015,670.56
1/5/2015,643.09
1/6/2015,634.38
1/7/2015,635.91
1/8/2015,650.3
1/9/2015,645.38
1/12/2015,626.5
1/13/2015,622.19
1/14/2015,623.79
1/15/2015,615.65
1/16/2015,635.76
1/20/2015,635.92
1/21/2015,648.01
1/22/2015,651.36
1/23/2015,645.77
1/26/2015,655.23
1/27/2015,654.84
1/28/2015,629.04
1/29/2015,629.97
1/30/2015,635.48
2/2/2015,654.91
2/3/2015,673.66
2/4/2015,662.34
2/5/2015,672.89
2/6/2015,671.33
2/9/2015,672.34
2/10/2015,670.35
2/11/2015,666.06
2/12/2015,674.95
2/13/2015,688.47
2/17/2015,690.34
2/18/2015,680.99
2/19/2015,676.12
2/20/2015,673.66
2/23/2015,670.56
2/24/2015,671.73
2/25/2015,675.63
2/26/2015,663.98
2/27/2015,661.85
3/2/2015,657.17
3/3/2015,659.24
3/4/2015,657.94
3/5/2015,654.24
3/6/2015,643.26
3/9/2015,638.81
3/10/2015,629.32
3/11/2015,631.19
3/12/2015,628.24
3/13/2015,625.03
3/16/2015,632.68
3/17/2015,629.5
3/18/2015,648.18
3/19/2015,637.08
3/20/2015,645.63
3/23/2015,644.01
3/24/2015,639.28
3/25/2015,646.97
3/26/2015,646.6
3/27/2015,641.68
3/30/2015,654.83
3/31/2015,649.11
4/1/2015,651.09
4/2/2015,652.7
4/6/2015,665.09
4/7/2015,666.65
4/8/2015,659.72
4/9/2015,670.17
4/10/2015,673.18
4/13/2015,667.46
4/14/2015,679.57
4/15/2015,695.66
4/16/2015,693.4
4/17/2015,687.13
4/20/2015,690.29
4/21/2015,682.47
4/22/2015,687.04
4/23/2015,691.89
4/24/2015,687.09
4/27/2015,686.55
4/28/2015,690.21
4/29/2015,695.94
4/30/2015,694.01
5/1/2015,695.63
5/4/2015,693.9
5/5/2015,685.78
5/6/2015,683.59
5/7/2015,675.65
5/8/2015,686.71
5/11/2015,673.26
5/12/2015,676.65
5/13/2015,674.43
5/14/2015,674.06
5/15/2015,675.75
5/18/2015,675.54
5/19/2015,666.37
5/20/2015,667.59
5/21/2015,674.06
5/22/2015,670.89
5/26/2015,659.98
5/27/2015,659.24
5/28/2015,656.86
5/29/2015,656.68
6/1/2015,654.98
6/2/2015,658.99
6/3/2015,654.45
6/4/2015,645.79
6/5/2015,650.92
6/8/2015,647.43
6/9/2015,647.17
6/10/2015,655.4
6/11/2015,652.94
6/12/2015,645.36
6/15/2015,643.41
6/16/2015,648.53
6/17/2015,647.27
6/18/2015,647.19
6/19/2015,641.15
6/22/2015,647.39
6/23/2015,650.09
6/24/2015,645.73
6/25/2015,638.78
6/26/2015,639.81
6/29/2015,628.3
6/30/2015,632.31
7/1/2015,623.09
7/2/2015,625.61
7/6/2015,616.75
7/7/2015,623.05
7/8/2015,609.99
7/9/2015,612.8
7/10/2015,615.3
7/13/2015,619.43
7/14/2015,625.34
7/15/2015,614.05
7/16/2015,613.92
7/17/2015,606.69
7/20/2015,598.46
7/21/2015,599.16
7/22/2015,594.81
7/23/2015,593.19
7/24/2015,580.83
7/27/2015,572.33
7/28/2015,589.49
7/29/2015,598.42
7/30/2015,594.67
7/31/2015,579.42
8/3/2015,567.41
8/4/2015,565.13
8/5/2015,561.14
8/6/2015,571.21
8/7/2015,560.36
8/10/2015,578.98
8/11/2015,577.4
8/12/2015,587.95
8/13/2015,579.17
8/14/2015,577.56
8/17/2015,577.24
8/18/2015,575.11
8/19/2015,558.63
8/20/2015,545.64
8/21/2015,526.64
8/24/2015,499.48
8/25/2015,492.7
8/26/2015,509.38
8/27/2015,535.49
8/28/2015,547.03
8/31/2015,553.25
9/1/2015,532.59
9/2/2015,537.5
9/3/2015,539.41
9/4/2015,529.95
9/8/2015,537.92
9/9/2015,526.66
9/10/2015,529.4
9/11/2015,524.94
9/14/2015,520.44
9/15/2015,526.62
9/16/2015,541.83
9/17/2015,541.58
9/18/2015,526.87
9/21/2015,529.06
9/22/2015,523.65
9/23/2015,515.73
9/24/2015,518.04
9/25/2015,519.02
9/28/2015,499.98
9/29/2015,500.39
9/30/2015,512.29
10/1/2015,512.99
10/2/2015,534.24
10/5/2015,550.21
10/6/2015,563.38
10/7/2015,570.77
10/8/2015,582.05
10/9/2015,578.07
10/12/2015,570.58
10/13/2015,565.19
10/14/2015,570.56
10/15/2015,579.76
10/16/2015,580.04
10/19/2015,568.32
10/20/2015,569.69
10/21/2015,562.85
10/22/2015,573.67
10/23/2015,572.65
10/26/2015,558.4
10/27/2015,551.56
10/28/2015,564.58
10/29/2015,566.39
10/30/2015,570.5
11/2/2015,583.71
11/3/2015,598.57
11/4/2015,592.72
11/5/2015,586.22
11/6/2015,583.83
11/9/2015,575.89
11/10/2015,577.37
11/11/2015,565.61
11/12/2015,551.97
11/13/2015,549.14
11/16/2015,567.29
11/17/2015,560.35
11/18/2015,569.82
11/19/2015,562.11
11/20/2015,556.15
11/23/2015,559.87
11/24/2015,572.73
11/25/2015,568.24
11/27/2015,563.6
11/30/2015,565.65
12/1/2015,569.71
12/2/2015,551.75
12/3/2015,541.27
12/4/2015,537.64
12/7/2015,517.06
12/8/2015,510.05
12/9/2015,516.49
12/10/2015,520.1
12/11/2015,502
12/14/2015,505.26
12/15/2015,519.53
12/16/2015,516.72
12/17/2015,503.19
12/18/2015,494.3
12/21/2015,493.89
12/22/2015,500.04
12/23/2015,522.25
12/24/2015,517.48
12/28/2015,507.34
12/29/2015,510.81
12/30/2015,503.1
12/31/2015,505.35
1/4/2016,504.81
1/5/2016,506.92
1/6/2016,487.68
1/7/2016,475.79
1/8/2016,469.83
1/11/2016,459.78
1/12/2016,460.84
1/13/2016,451.58
1/14/2016,471.37
1/15/2016,457.52
1/19/2016,446.69
1/20/2016,433.92
1/21/2016,447.21
1/22/2016,466.69
1/25/2016,444.87
1/26/2016,462.25
1/27/2016,459.64
1/28/2016,474.06
1/29/2016,487.17
2/1/2016,477.4
2/2/2016,461.31
2/3/2016,479.17
2/4/2016,479.68
2/5/2016,469.31
2/8/2016,468.59
2/9/2016,456.75
2/10/2016,454.13
2/11/2016,451.66
2/12/2016,463.25
2/16/2016,466.87
2/17/2016,481.14
2/18/2016,476.62
2/19/2016,474.6
2/22/2016,485.71
2/23/2016,469.65
2/24/2016,474.68
2/25/2016,475.65
2/26/2016,478.22
2/29/2016,473.32
3/1/2016,483.15
3/2/2016,495.54
3/3/2016,503.26
3/4/2016,508.29
3/7/2016,520.33
3/8/2016,497.74
3/9/2016,506.07
3/10/2016,505.9
3/11/2016,518.09
3/14/2016,514.73
3/15/2016,513.6
3/16/2016,522.59
3/17/2016,530.41
3/18/2016,530.67
3/21/2016,528.39
3/22/2016,526.84
3/23/2016,514.73
3/24/2016,517.5
3/28/2016,515.52
3/29/2016,517.62
3/30/2016,519.08
3/31/2016,518.95
4/1/2016,511.34
4/4/2016,508.29
4/5/2016,504.3
4/6/2016,515.02
4/7/2016,511.69
4/8/2016,522.55
4/11/2016,520.64
4/12/2016,536.47
4/13/2016,538.45
4/14/2016,540.29
4/15/2016,533.42
4/18/2016,541.91
4/19/2016,552.72
4/20/2016,557.34
4/21/2016,554.64
4/22/2016,562.74
4/25/2016,556.05
4/26/2016,563.98
4/27/2016,574.23
4/28/2016,565.97
4/29/2016,565.73
5/2/2016,565.38
5/3/2016,551.71
5/4/2016,543.82
5/5/2016,547.23
5/6/2016,546.19
5/9/2016,538.38
5/10/2016,548.31
5/11/2016,548.02
5/12/2016,549.93
5/13/2016,542.86
5/16/2016,551.94
5/17/2016,553.61
5/18/2016,547.53
5/19/2016,548.28
5/20/2016,551.2
5/23/2016,549.66
5/24/2016,552.32
5/25/2016,561.51
5/26/2016,558.8
5/27/2016,559.07
5/31/2016,556.21
6/1/2016,557.34
6/2/2016,555.86
6/3/2016,554.17
6/6/2016,566.38
6/7/2016,578.62
6/8/2016,577.52
6/9/2016,574.44
6/10/2016,561.8
6/13/2016,559.52
6/14/2016,559.17
6/15/2016,557.57
6/16/2016,555.43
6/17/2016,560.94
6/20/2016,565.73
6/21/2016,571.8
6/22/2016,568.26
6/23/2016,578.11
6/24/2016,556.84
6/27/2016,541.28
6/28/2016,556.17
6/29/2016,567.73
6/30/2016,572.4
7/1/2016,575.87
7/5/2016,563.9
7/6/2016,566.86
7/7/2016,560.64
7/8/2016,568.14
7/11/2016,568.81
7/12/2016,582.85
7/13/2016,578.04
7/14/2016,580.54
7/15/2016,580.18
7/18/2016,580.26
7/19/2016,576.76
7/20/2016,576.04
7/21/2016,570.47
7/22/2016,572.12
7/25/2016,560.42
7/26/2016,563.17
7/27/2016,556.85
7/28/2016,555.97
7/29/2016,560.43
8/1/2016,541.36
8/2/2016,546.11
8/3/2016,556.41
8/4/2016,555.69
8/5/2016,560.78
8/8/2016,568.26
8/9/2016,565.03
8/10/2016,556.86
8/11/2016,564.44
8/12/2016,567.77
8/15/2016,571.93
8/16/2016,572.88
8/17/2016,573.89
8/18/2016,584.65
8/19/2016,579.83
8/22/2016,574.14
8/23/2016,576.94
8/24/2016,574.7
8/25/2016,573.14
8/26/2016,571.4
8/29/2016,575.29
8/30/2016,572.82
8/31/2016,565.01
9/1/2016,563.34
9/2/2016,568.55
9/6/2016,577.35
9/7/2016,579.22
9/8/2016,589.25
9/9/2016,572.02
9/12/2016,577.14
9/13/2016,560.2
9/14/2016,553.44
9/15/2016,559.57
9/16/2016,554.94
9/19/2016,554.5
9/20/2016,549.7
9/21/2016,561.88
9/22/2016,563.63
9/23/2016,555.78
9/26/2016,553.49
9/27/2016,550.27
9/28/2016,574.8
9/29/2016,575.09
9/30/2016,582.57
10/3/2016,581.51
10/4/2016,575.76
10/5/2016,584.45
10/6/2016,585.41
10/7/2016,582.44
10/10/2016,591.72
10/11/2016,584.89
10/12/2016,582.26
10/13/2016,578.81
10/14/2016,575.96
10/17/2016,573.24
10/18/2016,575.38
10/19/2016,583.42
10/20/2016,582.75
10/21/2016,579.03
10/24/2016,577.33
10/25/2016,573.41
10/26/2016,574.6
10/27/2016,572.73
10/28/2016,569.29
10/31/2016,562.14
11/1/2016,562.52
11/2/2016,556.14
11/3/2016,558.34
11/4/2016,555.5
11/7/2016,567.57
11/8/2016,567.36
11/9/2016,577.48
11/10/2016,578.96
11/11/2016,569.47
11/14/2016,572.07
11/15/2016,587.83
11/16/2016,582.92
11/17/2016,579.29
11/18/2016,581.84
11/21/2016,595.36
11/22/2016,595.08
11/23/2016,597.85
11/25/2016,595.19
11/28/2016,586.6
11/29/2016,579.26
11/30/2016,610.35
12/1/2016,612.17
12/2/2016,612.83
12/5/2016,617.73
12/6/2016,617.39
12/7/2016,621.11
12/8/2016,624.61
12/9/2016,626.92
12/12/2016,630.57
12/13/2016,638.25
12/14/2016,623.77
12/15/2016,626.33
12/16/2016,629.78
12/19/2016,627.07
12/20/2016,625.74
12/21/2016,626.63
12/22/2016,629.42
12/23/2016,628.34
12/27/2016,630.12
12/28/2016,623.74
12/29/2016,622.05
12/30/2016,620.2
1/3/2017,627.92
1/4/2017,627.22
1/5/2017,625.55
1/6/2017,625.55
1/9/2017,615.9
1/10/2017,610.24
1/11/2017,617.59
1/12/2017,614.46
1/13/2017,612.84
1/17/2017,616.79
1/18/2017,614.65
1/19/2017,610.46
1/20/2017,613.8
1/23/2017,606.55
1/24/2017,613.05
1/25/2017,617.01
1/26/2017,617.02
1/27/2017,610.9
1/30/2017,599.56
1/31/2017,599.32
2/1/2017,595.22
2/2/2017,598.84
2/3/2017,604.4
2/6/2017,598.63
2/7/2017,589.84
2/8/2017,589.47
2/9/2017,595.32
2/10/2017,600.12
2/13/2017,600.22
2/14/2017,601.6
2/15/2017,599.19
2/16/2017,590.74
2/17/2017,587.47
2/21/2017,591.72
2/22/2017,581.86
2/23/2017,584.54
2/24/2017,578.91
2/27/2017,584.21
2/28/2017,582.28
3/1/2017,594.43
3/2/2017,588.6
3/3/2017,586.76
3/6/2017,588.42
3/7/2017,583.26
3/8/2017,567.61
3/9/2017,570.47
3/10/2017,570.2
3/13/2017,570.62
3/14/2017,563.73
3/15/2017,576.18
3/16/2017,572.83
3/17/2017,572.23
3/20/2017,571.36
3/21/2017,566.6
3/22/2017,565.59
3/23/2017,563.72
3/24/2017,561.4
3/27/2017,559.55
3/28/2017,567.18
3/29/2017,574.76
3/30/2017,576.89
3/31/2017,575.69
4/3/2017,574.34
4/4/2017,578.75
4/5/2017,575.93
4/6/2017,580.76
4/7/2017,578.35
4/10/2017,583.31
4/11/2017,582.78
4/12/2017,580.03
4/13/2017,569.03
4/17/2017,570.13
4/18/2017,565.2
4/19/2017,556.38
4/20/2017,558.48
4/21/2017,556.25
4/24/2017,559.31
4/25/2017,564.93
4/26/2017,562.82
4/27/2017,556.09
4/28/2017,556.41
5/1/2017,554.98
5/2/2017,552.09
5/3/2017,553.84
5/4/2017,542.08
5/5/2017,552.28
5/8/2017,555.97
5/9/2017,551.06
5/10/2017,557.54
5/11/2017,556.27
5/12/2017,554.47
5/15/2017,558.28
5/16/2017,555.79
5/17/2017,549.11
5/18/2017,548.65
5/19/2017,556.16
5/22/2017,554.97
5/23/2017,555.53
5/24/2017,553.06
5/25/2017,542.54
5/26/2017,542.78
5/30/2017,534.98
5/31/2017,532.76
6/1/2017,536.47
6/2/2017,529.87
6/5/2017,530.64
6/6/2017,537.25
6/7/2017,527.71
6/8/2017,526.11
6/9/2017,539.52
6/12/2017,542.95
6/13/2017,547.25
6/14/2017,535.96
6/15/2017,531.45
6/16/2017,540.26
6/19/2017,537.1
6/20/2017,530.12
6/21/2017,521.23
6/22/2017,520.96
6/23/2017,525.59
6/26/2017,524.69
6/27/2017,523.91
6/28/2017,526.88
6/29/2017,527.86
6/30/2017,529.87
7/3/2017,540.57
7/5/2017,528.91
7/6/2017,522.57
7/7/2017,521.93
7/10/2017,523.96
7/11/2017,526.81
7/12/2017,528.43
7/13/2017,530.96
7/14/2017,534.17
7/17/2017,533.5
7/18/2017,530.77
7/19/2017,539.14
7/20/2017,536.42
7/21/2017,531.42
7/24/2017,529.97
7/25/2017,537.01
7/26/2017,537.53
7/27/2017,542.67
7/28/2017,541.52
7/31/2017,542.27
8/1/2017,542.33
8/2/2017,540.35
8/3/2017,532.72
8/4/2017,535.19
8/7/2017,530.01
8/8/2017,528.88
8/9/2017,529.23
8/10/2017,521.94
8/11/2017,518.9
8/14/2017,517.28
8/15/2017,514.9
8/16/2017,508.98
8/17/2017,501.73
8/18/2017,505.02
8/21/2017,501.85
8/22/2017,505.58
8/23/2017,507.77
8/24/2017,507.78
8/25/2017,510.34
8/28/2017,507.98
8/29/2017,507.56
8/30/2017,507.66
8/31/2017,510.67
9/1/2017,515.2
9/5/2017,518.01
9/6/2017,526.33
9/7/2017,526.82
9/8/2017,520.79
9/11/2017,526.04
9/12/2017,529.48
9/13/2017,536.6
9/14/2017,538.9
9/15/2017,540.19
9/18/2017,542.73
9/19/2017,544.49
9/20/2017,548.85
9/21/2017,548.06
9/22/2017,550.99
9/25/2017,559.52
9/26/2017,558.45
9/27/2017,561.06
9/28/2017,561.84
9/29/2017,561.67
10/2/2017,561.66
10/3/2017,561.33
10/4/2017,560.71
10/5/2017,563.21
10/6/2017,557.97
10/9/2017,559.42
10/10/2017,560.02
10/11/2017,561.5
10/12/2017,559.21
10/13/2017,558.85
10/16/2017,559.85
10/17/2017,560.24
10/18/2017,555.99
10/19/2017,554
10/20/2017,555.14
10/23/2017,551.11
10/24/2017,552.43
10/25/2017,548.47
10/26/2017,549.78
10/27/2017,552.33
10/30/2017,554.77
10/31/2017,557.09
11/1/2017,563.85
11/2/2017,562.11
11/3/2017,564.26
11/6/2017,577.41
11/7/2017,576.21
11/8/2017,573.72
11/9/2017,575.78
11/10/2017,571.53
11/13/2017,567.68
11/14/2017,558.24
11/15/2017,551.87
11/16/2017,548.94
11/17/2017,551.76
11/20/2017,550.39
11/21/2017,551.56
11/22/2017,554.38
11/24/2017,555.91
11/27/2017,549.67
11/28/2017,553.92
11/29/2017,556.62
11/30/2017,565.69
12/1/2017,570.89
12/4/2017,570.2
12/5/2017,567.02
12/6/2017,558.98
12/7/2017,561.38
12/8/2017,566.25
12/11/2017,570.56
12/12/2017,568.49
12/13/2017,567.43
12/14/2017,565.36
12/15/2017,564.74
12/18/2017,569.22
12/19/2017,569.66
12/20/2017,577.93
12/21/2017,590.51
12/22/2017,592.13
12/26/2017,597.64
12/27/2017,595.59
12/28/2017,596.42
12/29/2017,594.11
1/2/2018,604.72
1/3/2018,613.81
1/4/2018,617.42
1/5/2018,616.96
1/8/2018,620.84
1/9/2018,618.67
1/10/2018,617.86
1/11/2018,630.59
1/12/2018,636.26
1/16/2018,628.19
1/17/2018,633.26
1/18/2018,627.87
1/19/2018,627.42
1/22/2018,640.41
1/23/2018,639.79
1/24/2018,637.98
1/25/2018,632.75
1/26/2018,636.63
1/29/2018,626.44
1/30/2018,613.11
1/31/2018,613.3
2/1/2018,620.13
2/2/2018,594.51
2/5/2018,569.37
2/6/2018,573.73
2/7/2018,563.57
2/8/2018,545.78
2/9/2018,544.21
2/12/2018,553.69
2/13/2018,551.09
2/14/2018,559.75
2/15/2018,558
2/16/2018,556.52
2/20/2018,553.5
2/21/2018,544.1
2/22/2018,550.43
2/23/2018,562.58
2/26/2018,566.17
2/27/2018,558.18
2/28/2018,545.22
3/1/2018,545.01
3/2/2018,548
3/5/2018,554.46
3/6/2018,554.44
3/7/2018,549.66
3/8/2018,548.99
3/9/2018,559.61
3/12/2018,559.49
3/13/2018,555.66
3/14/2018,552.27
3/15/2018,549.23
3/16/2018,555.1
3/19/2018,545.32
3/20/2018,550.25
3/21/2018,565.43
3/22/2018,553.61
3/23/2018,550.37
3/26/2018,560.05
3/27/2018,554.35
3/28/2018,544.09
3/29/2018,556
4/2/2018,544.31
4/3/2018,555.55
4/4/2018,554.87
4/5/2018,565.58
4/6/2018,554.62
4/9/2018,556.8
4/10/2018,575.63
4/11/2018,582.08
4/12/2018,582.11
4/13/2018,588.65
4/16/2018,594.52
4/17/2018,597.28
4/18/2018,607.31
4/19/2018,607.96
4/20/2018,604.8
4/23/2018,608.47
4/24/2018,601.77
4/25/2018,606.8
4/26/2018,615.64
4/27/2018,608.19
4/30/2018,608.1
5/1/2018,604.76
5/2/2018,607.8
5/3/2018,605.57
5/4/2018,609.2
5/7/2018,610.83
5/8/2018,616.21
5/9/2018,628.48
5/10/2018,633.1
5/11/2018,631.75
5/14/2018,636.07
5/15/2018,636.6
5/16/2018,639.42
5/17/2018,648.3
5/18/2018,643.13
5/21/2018,650
5/22/2018,640.96
5/23/2018,640.67
5/24/2018,630.33
5/25/2018,613.82
5/29/2018,612.52
5/30/2018,631.76
5/31/2018,626.37
6/1/2018,629.05
6/4/2018,622.48
6/5/2018,620.51
6/6/2018,623.38
6/7/2018,633.7
6/8/2018,631.92
6/11/2018,634.09
6/12/2018,629.55
6/13/2018,627.01
6/14/2018,625.34
6/15/2018,611.8
6/18/2018,619.28
6/19/2018,618.28
6/20/2018,621.52
6/21/2018,609.4
6/22/2018,623.64
6/25/2018,609.59
6/26/2018,618.61
6/27/2018,627.04
6/28/2018,626.26
6/29/2018,629.96
7/2/2018,619.81
7/3/2018,624.48
7/5/2018,623.76
7/6/2018,628.85
7/9/2018,638.34
7/10/2018,642.58
7/11/2018,628.54
7/12/2018,629.53
7/13/2018,632.93
7/16/2018,624.96
7/17/2018,622.8
7/18/2018,623.18
7/19/2018,623.33
7/20/2018,620.91
7/23/2018,618.25
7/24/2018,625.99
7/25/2018,631.51
7/26/2018,637.42
7/27/2018,633.39
7/30/2018,639.3
7/31/2018,637.36
8/1/2018,628.9
8/2/2018,626.52
8/3/2018,623.45
8/6/2018,626.03
8/7/2018,630.13
8/8/2018,625.1
8/9/2018,619.78
8/10/2018,621.76
8/13/2018,613.42
8/14/2018,615.48
8/15/2018,593.23
8/16/2018,597
8/17/2018,598.82
8/20/2018,602.94
8/21/2018,606.64
8/22/2018,614.3
8/23/2018,611
8/24/2018,616.02
8/27/2018,620.34
8/28/2018,617.23
8/29/2018,621.54
8/30/2018,619.5
8/31/2018,615.04
9/4/2018,612.64
9/5/2018,611.53
9/6/2018,599.17
9/7/2018,598.79
9/10/2018,598.61
9/11/2018,605.28
9/12/2018,608.94
9/13/2018,608.63
9/14/2018,611.97
9/17/2018,612.45
9/18/2018,617.44
9/19/2018,620.44
9/20/2018,620.14
9/21/2018,624.57
9/24/2018,633.98
9/25/2018,637.63
9/26/2018,630.59
9/27/2018,631.77
9/28/2018,630.61
10/1/2018,639.7
10/2/2018,640.25
10/3/2018,646.19
10/4/2018,641.98
10/5/2018,641.56
10/8/2018,641.12
10/9/2018,647.55
10/10/2018,623.74
10/11/2018,605.01
10/12/2018,607.47
10/15/2018,603.48
10/16/2018,609.19
10/17/2018,604.34
10/18/2018,600.52
10/19/2018,595.83
10/22/2018,589.03
10/23/2018,572.63
10/24/2018,550.01
10/25/2018,556.51
10/26/2018,551.87
10/29/2018,540.45
10/30/2018,552.44
10/31/2018,556.61
11/1/2018,561.68
11/2/2018,560.26
11/5/2018,569.67
11/6/2018,570.98
11/7/2018,580.44
11/8/2018,566.93
11/9/2018,564.94
11/12/2018,552.24
11/13/2018,538.98
11/14/2018,538.21
11/15/2018,546.39
11/16/2018,551.77
11/19/2018,550.87
11/20/2018,532.09
11/21/2018,540.8
11/23/2018,523.36
11/26/2018,532.35
11/27/2018,530.36
11/28/2018,539.4
11/29/2018,542.56
11/30/2018,540.37
12/3/2018,553.16
12/4/2018,536.43
12/6/2018,526.39
12/7/2018,523.19
12/10/2018,514.33
12/11/2018,514.38
12/12/2018,516.21
12/13/2018,517.74
12/14/2018,504.59
12/17/2018,494.69
12/18/2018,483.16
12/19/2018,477
12/20/2018,463.57
12/21/2018,458.11
12/24/2018,439.53
12/26/2018,467.82
12/27/2018,470.47
12/28/2018,466.18
12/31/2018,468.47
1/2/2019,478.17
1/3/2019,473.42
1/4/2019,490.94
1/7/2019,498.33
1/8/2019,502.86
1/9/2019,510.67
1/10/2019,512.27
1/11/2019,508.82
1/14/2019,508.08
1/15/2019,509.95
1/16/2019,509.21
1/17/2019,514.06
1/18/2019,523.91
1/22/2019,511.6
1/23/2019,506.2
1/24/2019,509.44
1/25/2019,515.81
1/28/2019,510.44
1/29/2019,512.1
1/30/2019,519.22
1/31/2019,521.88
2/1/2019,530.9
2/4/2019,532.16
2/5/2019,532.44
2/6/2019,528.26
2/7/2019,516.53
2/8/2019,512.69
2/11/2019,515.43
2/12/2019,521.67
2/13/2019,528.45
2/14/2019,529.39
2/15/2019,538.12
2/19/2019,539.84
2/20/2019,542.01
2/21/2019,533.12
2/22/2019,534.97
2/25/2019,535.56
2/26/2019,533.06
2/27/2019,535.25
2/28/2019,529.83
3/1/2019,539.59
3/4/2019,541.02
3/5/2019,539.28
3/6/2019,531.79
3/7/2019,528.76
3/8/2019,518.2
3/11/2019,526.6
3/12/2019,530.47
3/13/2019,536.43
3/14/2019,536.75
3/15/2019,536.06
3/18/2019,543.97
3/19/2019,542.04
3/20/2019,547.4
3/21/2019,551.31
3/22/2019,536
3/25/2019,535.96
3/26/2019,543.67
3/27/2019,539.99
3/28/2019,542.15
3/29/2019,541.61
4/1/2019,549
4/2/2019,545.04
4/3/2019,539.26
4/4/2019,544.08
4/5/2019,553.76
4/8/2019,556.29
4/9/2019,549
4/10/2019,551.58
4/11/2019,551.39
4/12/2019,553.11
4/15/2019,549.74
4/16/2019,553.14
4/17/2019,552.5
4/18/2019,549.44
4/22/2019,561.33
4/23/2019,561.64
4/24/2019,551.19
4/25/2019,548.85
4/26/2019,542.54
4/29/2019,541.26
4/30/2019,540.39
5/1/2019,528.51
5/2/2019,519.27
5/3/2019,524.36
5/6/2019,524.21
5/7/2019,520.83
5/8/2019,520.29
5/9/2019,520.48
5/10/2019,521.4
5/13/2019,512.49
5/14/2019,518.7
5/15/2019,521.31
5/16/2019,523.4
5/17/2019,517.28
5/20/2019,517.09
5/21/2019,523.03
5/22/2019,514.05
5/23/2019,497.37
5/24/2019,497.95
5/28/2019,492.31
5/29/2019,489.81
5/30/2019,483.68
5/31/2019,475.91
6/3/2019,482.48
6/4/2019,490.67
6/5/2019,484.62
6/6/2019,492.53
6/7/2019,494.37
6/10/2019,495.6
6/11/2019,496.1
6/12/2019,488.02
6/13/2019,494.54
6/14/2019,490.26
6/17/2019,494.93
6/18/2019,502.06
6/19/2019,501.07
6/20/2019,512.36
6/21/2019,516.36
6/24/2019,511.36
6/25/2019,507.02
6/26/2019,515.25
6/27/2019,511.35
6/28/2019,517.83
7/1/2019,518.49
7/2/2019,508.98
7/3/2019,511.83
7/5/2019,512.72
7/8/2019,512.81
7/9/2019,513.19
7/10/2019,520.62
7/11/2019,521.02
7/12/2019,522.89
7/15/2019,517.38
7/16/2019,511.28
7/17/2019,504.84
7/18/2019,504.77
7/19/2019,507.25
7/22/2019,509.59
7/23/2019,511.09
7/24/2019,513.33
7/25/2019,506.59
7/26/2019,504.12
7/29/2019,501.86
7/30/2019,508.59
7/31/2019,506.18
8/1/2019,493.32
8/2/2019,486.68
8/5/2019,471.63
8/6/2019,471.18
8/7/2019,467.67
8/8/2019,480.79
8/9/2019,474.66
8/12/2019,467.94
8/13/2019,472.46
8/14/2019,452.79
8/15/2019,450.4
8/16/2019,456.48
8/19/2019,466.72
8/20/2019,462.25
8/21/2019,465.66
8/22/2019,463.03
8/23/2019,446.94
8/26/2019,449.02
8/27/2019,446.09
8/28/2019,452.89
8/29/2019,459.92
8/30/2019,459.8
9/3/2019,456.87
9/4/2019,463.71
9/5/2019,470.08
9/6/2019,472.17
9/9/2019,481.88
9/10/2019,487.92
9/11/2019,488.42
9/12/2019,485.02
9/13/2019,488.94
9/16/2019,507.01
9/17/2019,498.35
9/18/2019,496.08
9/19/2019,493.88
9/20/2019,494.4
9/23/2019,494.87
9/24/2019,486.5
9/25/2019,487.53
9/26/2019,480.86
9/27/2019,480.63
9/30/2019,477.3
10/1/2019,466.47
10/2/2019,454.49
10/3/2019,460.22
10/4/2019,463.01
10/7/2019,458.42
10/8/2019,450.04
10/9/2019,454.76
10/10/2019,460.45
10/11/2019,467.14
10/14/2019,466.16
10/15/2019,468.05
10/16/2019,461.33
10/17/2019,461.64
10/18/2019,459.09
10/21/2019,467.46
10/22/2019,473.51
10/23/2019,477.08
10/24/2019,475.23
10/25/2019,478.85
10/28/2019,475.82
10/29/2019,478.06
10/30/2019,467.84
10/31/2019,465.81
11/1/2019,477.55
11/4/2019,492.3
11/5/2019,494.12
11/6/2019,482.73
11/7/2019,490.24
11/8/2019,486.56
11/11/2019,483.57
11/12/2019,480.68
11/13/2019,478.02
11/14/2019,476.53
11/15/2019,479.85
11/18/2019,473.28
11/19/2019,466.09
11/20/2019,470.8
11/21/2019,478.38
11/22/2019,476.73
11/25/2019,477.84
11/26/2019,472.85
11/27/2019,474.4
11/29/2019,469.41
12/2/2019,469.63
12/3/2019,462.47
12/4/2019,469.78
12/5/2019,467.3
12/6/2019,476.82
12/9/2019,475.67
12/10/2019,476.58
12/11/2019,475.84
12/12/2019,485.28
12/13/2019,481.04
12/16/2019,488.03
12/17/2019,488.25
12/18/2019,489.95
12/19/2019,489.92
12/20/2019,494.03
12/23/2019,499.56
12/24/2019,499.27
12/26/2019,499.41
12/27/2019,496.91
12/30/2019,495.32
12/31/2019,498.54
1/2/2020,502.62
1/3/2020,501.3
1/6/2020,505.18
1/7/2020,504.23
1/8/2020,494.9
1/9/2020,498.55
1/10/2020,495.39
1/13/2020,495.68
1/14/2020,495.99
1/15/2020,492.62
1/16/2020,493.17
1/17/2020,489.91
1/21/2020,480.41
1/22/2020,475.93
1/23/2020,474.05
1/24/2020,468.22
1/27/2020,455.09
1/28/2020,457.24
1/29/2020,452.19
1/30/2020,455.88
1/31/2020,441.78
2/3/2020,436.12
2/4/2020,437.24
2/5/2020,453.6
2/6/2020,448.47
2/7/2020,445.02
2/10/2020,440.88
2/11/2020,445.33
2/12/2020,451.43
2/13/2020,449.26
2/14/2020,445.86
2/18/2020,442.22
2/19/2020,448
2/20/2020,447.62
2/21/2020,441.55
2/24/2020,420.69
2/25/2020,402.25
2/26/2020,390.01
2/27/2020,368.46
2/28/2020,373.35
3/2/2020,383.9
3/3/2020,371.74
3/4/2020,379.54
3/5/2020,365.56
3/6/2020,344.29
3/9/2020,273.06
3/10/2020,287.01
3/11/2020,271.3
3/12/2020,238.26
3/13/2020,259.74
3/16/2020,224.75
3/17/2020,225.79
3/18/2020,193.83
3/19/2020,207.13
3/20/2020,209.31
3/23/2020,195.09
3/24/2020,226.37
3/25/2020,236.2
3/26/2020,250.55
3/27/2020,233.4
3/30/2020,235.5
3/31/2020,239.56
4/1/2020,228.21
4/2/2020,248.68
4/3/2020,245.35
4/6/2020,258.11
4/7/2020,263.33
4/8/2020,281.12
4/9/2020,278.73
4/13/2020,277.83
4/14/2020,276.82
4/15/2020,264.05
4/16/2020,253.55
4/17/2020,279.63
4/20/2020,270.91
4/21/2020,266.53
4/22/2020,275.76
4/23/2020,284.25
4/24/2020,284.92
4/27/2020,290.92
4/28/2020,297.33
4/29/2020,319.52
4/30/2020,313
5/1/2020,293.96
5/4/2020,304.72
5/5/2020,305
5/6/2020,296.94
5/7/2020,304.33
5/8/2020,317.67
5/11/2020,312.34
5/12/2020,305.16
5/13/2020,291.5
5/14/2020,294.34
5/15/2020,293.64
5/18/2020,316.19
5/19/2020,307.1
5/20/2020,318.94
5/21/2020,314.3
5/22/2020,312.48
5/26/2020,321.6
5/27/2020,325.03
5/28/2020,315.82
5/29/2020,314.98
6/1/2020,320.41
6/2/2020,329.24
6/3/2020,339.45
6/4/2020,339.48
6/5/2020,365.25
6/8/2020,382.03
6/9/2020,367.54
6/10/2020,349.24
6/11/2020,316.18
6/12/2020,324.81
6/15/2020,325.61
6/16/2020,334.77
6/17/2020,323.65
6/18/2020,327.6
6/19/2020,322.21
6/22/2020,324.04
6/23/2020,324.1
6/24/2020,306.08
6/25/2020,311.96
6/26/2020,300.65
6/29/2020,305.24
6/30/2020,312.09
7/1/2020,304.39
7/2/2020,308.02
7/6/2020,309.51
7/7/2020,300.14
7/8/2020,300.04
7/9/2020,285.64
7/10/2020,294.66
7/13/2020,292.81
7/14/2020,303.35
7/15/2020,309.49
7/16/2020,307.88
7/17/2020,303.19
7/20/2020,297.99
7/21/2020,316.33
7/22/2020,312.13
7/23/2020,311.8
7/24/2020,309.88
7/27/2020,310.22
7/28/2020,304.86
7/29/2020,311.38
7/30/2020,299.28
7/31/2020,297.29
8/3/2020,298.4
8/4/2020,305.9
8/5/2020,309.31
8/6/2020,307.08
8/7/2020,307.81
8/10/2020,317.33
8/11/2020,316.08
8/12/2020,318.08
8/13/2020,311.92
8/14/2020,315.04
8/17/2020,313.12
8/18/2020,307.61
8/19/2020,304.2
8/20/2020,297.64
8/21/2020,295.53
8/24/2020,303.8
8/25/2020,299.79
8/26/2020,292.96
8/27/2020,293.91
8/28/2020,299.21
8/31/2020,292.51
9/1/2020,290.28
9/2/2020,288.8
9/3/2020,286.48
9/4/2020,285.54
9/8/2020,274.52
9/9/2020,276.18
9/10/2020,265.96
9/11/2020,266.55
9/14/2020,268.47
9/15/2020,266.38
9/16/2020,277.23
9/17/2020,277.42
9/18/2020,274.21
9/21/2020,265.43
9/22/2020,262.82
9/23/2020,251.07
9/24/2020,251.38
9/25/2020,251.31
9/28/2020,257.21
9/29/2020,250.37
9/30/2020,249.51
10/1/2020,242
10/2/2020,244.59
10/5/2020,252.05
10/6/2020,248.2
10/7/2020,251.93
10/8/2020,261.4
10/9/2020,257.39
10/12/2020,258.29
10/13/2020,254.53
10/14/2020,255.34
10/15/2020,258.4
10/16/2020,252.54
10/19/2020,247.4
10/20/2020,250.46
10/21/2020,245.48
10/22/2020,255.52
10/23/2020,254.3
10/26/2020,245.48
10/27/2020,242.36
10/28/2020,232.7
10/29/2020,239.54
10/30/2020,239.94
11/2/2020,248.33
11/3/2020,246.67
11/4/2020,246.74
11/5/2020,247.09
11/6/2020,242.06
11/9/2020,274.93
11/10/2020,281.5
11/11/2020,279.61
11/12/2020,270.08
11/13/2020,280.18
11/16/2020,297.56
11/17/2020,299.29
11/18/2020,291.12
11/19/2020,295.86
11/20/2020,294.25
11/23/2020,314.66
11/24/2020,330.6
11/25/2020,323.14
11/27/2020,319.18
11/30/2020,302.33
12/1/2020,303.44
12/2/2020,312.62
12/3/2020,315.87
12/4/2020,332.82
12/7/2020,324.8
12/8/2020,329.86
12/9/2020,330.69
12/10/2020,340.32
12/11/2020,336.42
12/14/2020,324.8
12/15/2020,331.28
12/16/2020,329.82
12/17/2020,327.95
12/18/2020,322.64
12/21/2020,317.04
12/22/2020,311.95
12/23/2020,318.64
12/24/2020,316.67
12/28/2020,314.73
12/29/2020,312.74
12/30/2020,317.94
12/31/2020,315.39
1/4/2021,315.91
1/5/2021,329.94
1/6/2021,340.04
1/7/2021,345.32
1/8/2021,344.67
1/11/2021,350.31
1/12/2021,362.39
1/13/2021,359.45
1/14/2021,369.94
1/15/2021,355.49
1/19/2021,362.45
1/20/2021,363.44
1/21/2021,351.55
1/22/2021,349.85
1/25/2021,346.23
1/26/2021,338.63
1/27/2021,333.91
1/28/2021,338.38
1/29/2021,327.16
2/1/2021,329.58
2/2/2021,333.23
2/3/2021,347.08
2/4/2021,350.53
2/5/2021,353.77
2/8/2021,368.16
2/9/2021,362.78
2/10/2021,369.28
2/11/2021,363.96
2/12/2021,369.05
2/16/2021,377.05
2/17/2021,382.23
2/18/2021,372.97
2/19/2021,379.1
2/22/2021,391.32
2/23/2021,397.87
2/24/2021,412.02
2/25/2021,403.58
2/26/2021,394.53
3/1/2021,404.78
3/2/2021,402.64
3/3/2021,408.18
3/4/2021,418.37
3/5/2021,433.98
3/8/2021,434.41
3/9/2021,426.17
3/10/2021,437.52
3/11/2021,438.15
3/12/2021,438.89
3/15/2021,433.88
3/16/2021,421.82
3/17/2021,425.37
3/18/2021,405.58
3/19/2021,406.06
3/22/2021,402.19
3/23/2021,396.33
3/24/2021,405.92
3/25/2021,407.2
3/26/2021,418
3/29/2021,412.54
3/30/2021,409.36
3/31/2021,405.8
4/1/2021,416.39
4/5/2021,406.35
4/6/2021,405.48
4/7/2021,407.44
4/8/2021,401.93
4/9/2021,399.7
4/12/2021,395.99
4/13/2021,396.42
4/14/2021,407.94
4/15/2021,404.6
4/16/2021,401.06
4/19/2021,400.84
4/20/2021,390.24
4/21/2021,395.93
4/22/2021,390.68
4/23/2021,394.57
4/26/2021,397.14
4/27/2021,401.9
4/28/2021,415.3
4/29/2021,419.68
4/30/2021,408.41
5/3/2021,420.01
5/4/2021,420.1
5/5/2021,433.77
5/6/2021,435.56
5/7/2021,444.11
5/10/2021,443.59
5/11/2021,432.78
5/12/2021,432.89
5/13/2021,427.2
5/14/2021,440.76
5/17/2021,450.7
5/18/2021,439.31
5/19/2021,428.7
5/20/2021,428.42
5/21/2021,429.11
5/24/2021,432.95
5/25/2021,424.28
5/26/2021,428.49
5/27/2021,428.8
5/28/2021,429.16
6/1/2021,445.7
6/2/2021,453.43
6/3/2021,454.99
6/4/2021,458.01
6/7/2021,456.68
6/8/2021,460.68
6/9/2021,457.92
6/10/2021,457.53
6/11/2021,456.2
6/14/2021,454.17
6/15/2021,463.02
6/16/2021,460.96
6/17/2021,444.69
6/18/2021,431.64
6/21/2021,450.05
6/22/2021,452.88
6/23/2021,454.28
6/24/2021,458.11
6/25/2021,460.62
6/28/2021,445.83
6/29/2021,443.61
6/30/2021,449.4
7/1/2021,456.95
7/2/2021,456
7/6/2021,441.73
7/7/2021,434.21
7/8/2021,432.43
7/9/2021,441.16
7/12/2021,440.7
7/13/2021,437.25
7/14/2021,424.48
7/15/2021,418.43
7/16/2021,407.13
7/19/2021,392.77
7/20/2021,398.66
7/21/2021,412.48
7/22/2021,407.9
7/23/2021,406.08
7/26/2021,415.94
7/27/2021,411.52
7/28/2021,415.46
7/29/2021,418.94
7/30/2021,411.94
8/2/2021,409.09
8/3/2021,416.5
8/4/2021,404.78
8/5/2021,409.98
8/6/2021,413.59
8/9/2021,407.81
8/10/2021,415.12
8/11/2021,417.87
8/12/2021,416.19
8/13/2021,410.85
8/16/2021,403.22
8/17/2021,399.75
8/18/2021,390.37
8/19/2021,380.17
8/20/2021,381.46
8/23/2021,395.44
8/24/2021,401.76
8/25/2021,404.99
8/26/2021,398.97
8/27/2021,409.7
8/30/2021,405.09
8/31/2021,402.07
9/1/2021,396.7
9/2/2021,406.5
9/3/2021,404.49
9/7/2021,401.97
9/8/2021,397.34
9/9/2021,397.54
9/10/2021,397.37
9/13/2021,409.22
9/14/2021,402.74
9/15/2021,418.11
9/16/2021,413.46
9/17/2021,410.12
9/20/2021,397.69
9/21/2021,399.13
9/22/2021,411.47
9/23/2021,425.17
9/24/2021,428.43
9/27/2021,443.52
9/28/2021,444.79
9/29/2021,444.31
9/30/2021,438.36
10/1/2021,451.84
10/4/2021,459.06
10/5/2021,461.62
10/6/2021,456.85
10/7/2021,460.77
10/8/2021,474.3
10/11/2021,472.73
10/12/2021,473.29
10/13/2021,474.03
10/14/2021,479.58
10/15/2021,481.85
10/18/2021,482.73
10/19/2021,487.89
10/20/2021,491.22
10/21/2021,482.85
10/22/2021,487.04
10/25/2021,494.47
10/26/2021,497.12
10/27/2021,483.5
10/28/2021,487.23
10/29/2021,484.07
11/1/2021,492.5
11/2/2021,487.69
11/3/2021,483.42
11/4/2021,483.98
